Character,Ваш персонаж женского пола?,У него черные волосы?,Носит ли он головной убор?,Есть ли у него шрамы; татуировки или особые отметины на лице?,Носит ли он очки или повязку на глазу?,Он выглядит как ребенок?,У него явно нечеловеческая внешность?,Использует ли он меч как основное оружие?,Сражается в дальем бою?,Сражается в рукопашку?,Можеи призывать существ(фамильяров),Может исцелять себя и других?,Состоит в официальной организации(служитель закона),Является ли он преступником(пиратом разбойником),Является ли он лидером своеё группы,Персонаж из знатного рода(по праву крови)?,Этот персонаж был в 1 сезоне?,Этот персонаж мертв на текущий момент?,Сражался ли ваш персонаж против главного героя?,Является ли персонаж учителем или наставником?,Является ли он обычным человеком?,Является ли он чьим-то слугой или подчиненным?,Является ли он синигами (проводником душ)?,Является ли он квинси?,Является ли он пустым или арранкаром?,Является ли он модифицированной душой?,Является ли он материализованным духом занпакто?,Является ли он божеством (прародителем высшим существом)?
Tatsuki Arisawa,1.0,1.0,-1.0,-1.0,-1.0,-1.0,-1.0,-1.0,-1.0,1.0,-1.0,-1.0,-1.0,-1.0,-1.0,-1.0,1.0,-1.0,-1.0,-1.0,1.0,-1.0,-1.0,-1.0,-1.0,-1.0,-1.0,-1.0
Keigo Asano,-1.0,-1.0,-1.0,-1.0,-1.0,-1.0,-1.0,-1.0,-1.0,-1.0,-1.0,-1.0,-1.0,-1.0,-1.0,-1.0,1.0,-1.0,-1.0,-1.0,1.0,-1.0,-1.0,-1.0,-1.0,-1.0,-1.0,-1.0
Mizuho Asano,1.0,-1.0,-1.0,-1.0,-1.0,-1.0,-1.0,-1.0,-1.0,-1.0,-1.0,-1.0,-1.0,-1.0,-1.0,-1.0,1.0,-1.0,-1.0,-1.0,1.0,-1.0,-1.0,-1.0,-1.0,-1.0,-1.0,-1.0
Oscar Joaquin,-1.0,1.0,1.0,-1.0,-1.0,-1.0,-1.0,-1.0,-1.0,1.0,-1.0,-1.0,-1.0,-1.0,-1.0,-1.0,1.0,1.0,-1.0,1.0,1.0,-1.0,-1.0,-1.0,-1.0,-1.0,-1.0,-1.0
Hashigami,-1.0,-1.0,-1.0,-1.0,-1.0,-1.0,-1.0,-1.0,-1.0,-1.0,-1.0,-1.0,-1.0,-1.0,-1.0,-1.0,1.0,-1.0,-1.0,-1.0,1.0,-1.0,-1.0,-1.0,-1.0,-1.0,-1.0,-1.0
Chizuru Honsho,1.0,-1.0,-1.0,-1.0,1.0,-1.0,-1.0,-1.0,-1.0,-1.0,-1.0,-1.0,-1.0,-1.0,-1.0,-1.0,1.0,-1.0,-1.0,-1.0,1.0,-1.0,-1.0,-1.0,-1.0,-1.0,-1.0,-1.0
Harutoki Ide,-1.0,1.0,-1.0,-1.0,-1.0,-1.0,-1.0,-1.0,-1.0,-1.0,-1.0,-1.0,-1.0,-1.0,-1.0,-1.0,1.0,-1.0,-1.0,-1.0,1.0,-1.0,-1.0,-1.0,-1.0,-1.0,-1.0,-1.0
Ino,-1.0,-1.0,-1.0,-1.0,1.0,-1.0,-1.0,-1.0,-1.0,-1.0,-1.0,-1.0,-1.0,-1.0,-1.0,-1.0,1.0,-1.0,-1.0,-1.0,1.0,-1.0,-1.0,-1.0,-1.0,-1.0,-1.0,-1.0
Orihime Inoue,1.0,-1.0,-1.0,-1.0,-1.0,-1.0,-1.0,-1.0,1.0,-1.0,-1.0,1.0,-1.0,-1.0,-1.0,-1.0,1.0,-1.0,-1.0,-1.0,1.0,-1.0,-1.0,-1.0,-1.0,-1.0,-1.0,-1.0
Kagine,-1.0,1.0,-1.0,-1.0,-1.0,-1.0,-1.0,-1.0,-1.0,-1.0,-1.0,-1.0,-1.0,-1.0,-1.0,-1.0,1.0,-1.0,-1.0,-1.0,1.0,-1.0,-1.0,-1.0,-1.0,-1.0,-1.0,-1.0
Kaneda,-1.0,1.0,-1.0,-1.0,-1.0,-1.0,-1.0,-1.0,-1.0,-1.0,-1.0,-1.0,-1.0,-1.0,-1.0,-1.0,1.0,-1.0,-1.0,-1.0,1.0,-1.0,-1.0,-1.0,-1.0,-1.0,-1.0,-1.0
Don Kanonji,-1.0,1.0,1.0,-1.0,1.0,-1.0,-1.0,-1.0,1.0,-1.0,-1.0,-1.0,-1.0,-1.0,1.0,-1.0,1.0,-1.0,-1.0,1.0,1.0,-1.0,-1.0,-1.0,-1.0,-1.0,-1.0,-1.0
Mizuiro Kojima,-1.0,1.0,-1.0,-1.0,-1.0,-1.0,-1.0,-1.0,-1.0,-1.0,-1.0,-1.0,-1.0,-1.0,-1.0,-1.0,1.0,-1.0,-1.0,-1.0,1.0,-1.0,-1.0,-1.0,-1.0,-1.0,-1.0,-1.0
Ryo Kunieda,1.0,1.0,-1.0,-1.0,-1.0,-1.0,-1.0,-1.0,-1.0,-1.0,-1.0,-1.0,-1.0,-1.0,-1.0,-1.0,1.0,-1.0,-1.0,-1.0,1.0,-1.0,-1.0,-1.0,-1.0,-1.0,-1.0,-1.0
Ichigo Kurosaki,-1.0,-1.0,-1.0,-1.0,-1.0,-1.0,-1.0,1.0,-1.0,-1.0,-1.0,-1.0,-1.0,1.0,1.0,-1.0,1.0,-1.0,-1.0,-1.0,1.0,-1.0,1.0,-1.0,-1.0,-1.0,-1.0,-1.0
Karin Kurosaki,1.0,1.0,-1.0,-1.0,-1.0,1.0,-1.0,-1.0,-1.0,1.0,-1.0,-1.0,-1.0,-1.0,-1.0,-1.0,1.0,-1.0,-1.0,-1.0,1.0,-1.0,-1.0,-1.0,-1.0,-1.0,-1.0,-1.0
Kazui Kurosaki,-1.0,-1.0,-1.0,-1.0,-1.0,1.0,-1.0,-1.0,-1.0,-1.0,-1.0,-1.0,-1.0,-1.0,-1.0,-1.0,-1.0,-1.0,-1.0,-1.0,1.0,-1.0,1.0,-1.0,-1.0,-1.0,-1.0,-1.0
Yuzu Kurosaki,1.0,-1.0,-1.0,-1.0,-1.0,1.0,-1.0,-1.0,-1.0,-1.0,-1.0,-1.0,-1.0,-1.0,-1.0,-1.0,1.0,-1.0,-1.0,-1.0,1.0,-1.0,-1.0,-1.0,-1.0,-1.0,-1.0,-1.0
Mahana Natsui,1.0,-1.0,-1.0,-1.0,-1.0,-1.0,-1.0,-1.0,-1.0,-1.0,-1.0,-1.0,-1.0,-1.0,-1.0,-1.0,1.0,-1.0,-1.0,-1.0,1.0,-1.0,-1.0,-1.0,-1.0,-1.0,-1.0,-1.0
Misato Ochi,1.0,-1.0,-1.0,-1.0,1.0,-1.0,-1.0,-1.0,-1.0,-1.0,-1.0,-1.0,-1.0,-1.0,-1.0,-1.0,1.0,-1.0,-1.0,-1.0,1.0,-1.0,-1.0,-1.0,-1.0,-1.0,-1.0,-1.0
Michiru Ogawa,1.0,-1.0,-1.0,-1.0,-1.0,-1.0,-1.0,-1.0,-1.0,-1.0,-1.0,-1.0,-1.0,-1.0,-1.0,-1.0,1.0,-1.0,-1.0,-1.0,1.0,-1.0,-1.0,-1.0,-1.0,-1.0,-1.0,-1.0
Reiichi Oshima,-1.0,-1.0,-1.0,-1.0,-1.0,-1.0,-1.0,-1.0,-1.0,1.0,-1.0,-1.0,-1.0,-1.0,-1.0,-1.0,1.0,-1.0,-1.0,-1.0,1.0,-1.0,-1.0,-1.0,-1.0,-1.0,-1.0,-1.0
Gitano Shigeo,-1.0,-1.0,-1.0,-1.0,-1.0,-1.0,-1.0,-1.0,-1.0,1.0,-1.0,-1.0,-1.0,-1.0,-1.0,-1.0,1.0,-1.0,-1.0,-1.0,1.0,-1.0,-1.0,-1.0,-1.0,-1.0,-1.0,-1.0
Keiske Sorimachi,-1.0,1.0,-1.0,-1.0,-1.0,-1.0,-1.0,-1.0,-1.0,-1.0,-1.0,-1.0,-1.0,-1.0,-1.0,-1.0,1.0,-1.0,-1.0,-1.0,1.0,-1.0,-1.0,-1.0,-1.0,-1.0,-1.0,-1.0
Ikumi Unagiya,1.0,1.0,1.0,-1.0,-1.0,-1.0,-1.0,-1.0,-1.0,1.0,-1.0,-1.0,-1.0,-1.0,1.0,-1.0,-1.0,-1.0,-1.0,1.0,1.0,-1.0,-1.0,-1.0,-1.0,-1.0,-1.0,-1.0
Kaoru Unagiya,-1.0,1.0,-1.0,-1.0,-1.0,1.0,-1.0,-1.0,-1.0,-1.0,-1.0,-1.0,-1.0,-1.0,-1.0,-1.0,-1.0,-1.0,-1.0,-1.0,1.0,-1.0,-1.0,-1.0,-1.0,-1.0,-1.0,-1.0
Yokochini,-1.0,-1.0,-1.0,-1.0,1.0,-1.0,-1.0,-1.0,-1.0,-1.0,-1.0,-1.0,-1.0,-1.0,-1.0,-1.0,1.0,-1.0,-1.0,-1.0,1.0,-1.0,-1.0,-1.0,-1.0,-1.0,-1.0,-1.0
Riruka Dokugamine,1.0,-1.0,1.0,-1.0,-1.0,-1.0,-1.0,-1.0,1.0,-1.0,-1.0,-1.0,-1.0,1.0,-1.0,-1.0,-1.0,-1.0,1.0,-1.0,1.0,-1.0,-1.0,-1.0,-1.0,-1.0,-1.0,-1.0
Kugo Ginjo,-1.0,1.0,-1.0,-1.0,-1.0,-1.0,-1.0,1.0,-1.0,-1.0,-1.0,-1.0,-1.0,1.0,1.0,-1.0,-1.0,1.0,1.0,1.0,1.0,-1.0,-1.0,-1.0,-1.0,-1.0,-1.0,-1.0
Giriko Kutsuzawa,-1.0,1.0,-1.0,-1.0,1.0,-1.0,-1.0,-1.0,-1.0,-1.0,-1.0,-1.0,-1.0,1.0,-1.0,-1.0,-1.0,1.0,1.0,-1.0,1.0,-1.0,-1.0,-1.0,-1.0,-1.0,-1.0,-1.0
Yasutora Sado,-1.0,1.0,-1.0,-1.0,-1.0,-1.0,-1.0,-1.0,-1.0,1.0,-1.0,-1.0,-1.0,-1.0,-1.0,-1.0,1.0,-1.0,-1.0,-1.0,1.0,-1.0,-1.0,-1.0,-1.0,-1.0,-1.0,-1.0
Moe Shishigawara,-1.0,1.0,-1.0,-1.0,-1.0,-1.0,-1.0,-1.0,-1.0,1.0,-1.0,-1.0,-1.0,1.0,-1.0,-1.0,-1.0,-1.0,1.0,-1.0,1.0,-1.0,-1.0,-1.0,-1.0,-1.0,-1.0,-1.0
Shukuro Tsukishima,-1.0,1.0,-1.0,-1.0,-1.0,-1.0,-1.0,1.0,-1.0,-1.0,-1.0,-1.0,-1.0,1.0,1.0,-1.0,-1.0,1.0,1.0,-1.0,1.0,-1.0,-1.0,-1.0,-1.0,-1.0,-1.0,-1.0
Yukio,-1.0,-1.0,1.0,-1.0,-1.0,1.0,-1.0,-1.0,1.0,-1.0,1.0,-1.0,-1.0,1.0,-1.0,-1.0,-1.0,-1.0,1.0,-1.0,1.0,-1.0,-1.0,-1.0,-1.0,-1.0,-1.0,-1.0
Jackie Tristan,1.0,1.0,-1.0,-1.0,-1.0,-1.0,-1.0,-1.0,-1.0,1.0,-1.0,-1.0,-1.0,1.0,-1.0,-1.0,-1.0,1.0,1.0,-1.0,1.0,-1.0,-1.0,-1.0,-1.0,-1.0,-1.0,-1.0
Ichika Abarai,1.0,-1.0,-1.0,-1.0,-1.0,1.0,-1.0,1.0,-1.0,-1.0,-1.0,-1.0,1.0,-1.0,-1.0,-1.0,-1.0,-1.0,-1.0,-1.0,-1.0,-1.0,1.0,-1.0,-1.0,-1.0,-1.0,-1.0
Akon,-1.0,1.0,-1.0,-1.0,-1.0,-1.0,-1.0,1.0,-1.0,-1.0,-1.0,-1.0,1.0,-1.0,-1.0,-1.0,-1.0,-1.0,-1.0,-1.0,-1.0,-1.0,1.0,-1.0,-1.0,-1.0,-1.0,-1.0
Makizo Aramaki,-1.0,1.0,-1.0,-1.0,-1.0,-1.0,-1.0,1.0,-1.0,-1.0,-1.0,-1.0,1.0,-1.0,-1.0,-1.0,-1.0,-1.0,-1.0,-1.0,-1.0,-1.0,1.0,-1.0,-1.0,-1.0,-1.0,-1.0
Yumichika Ayasegawa,-1.0,1.0,-1.0,-1.0,-1.0,-1.0,-1.0,1.0,-1.0,-1.0,-1.0,-1.0,1.0,-1.0,-1.0,-1.0,-1.0,-1.0,-1.0,-1.0,-1.0,-1.0,1.0,-1.0,-1.0,-1.0,-1.0,-1.0
Shinobu Eishima,1.0,-1.0,-1.0,-1.0,-1.0,-1.0,-1.0,1.0,-1.0,-1.0,-1.0,-1.0,1.0,-1.0,-1.0,-1.0,-1.0,-1.0,-1.0,-1.0,-1.0,-1.0,1.0,-1.0,-1.0,-1.0,-1.0,-1.0
Tatsufusa Enjoji,-1.0,-1.0,-1.0,-1.0,-1.0,-1.0,-1.0,1.0,-1.0,-1.0,-1.0,-1.0,1.0,-1.0,-1.0,-1.0,-1.0,-1.0,-1.0,-1.0,-1.0,-1.0,1.0,-1.0,-1.0,-1.0,-1.0,-1.0
Taketsuna Gori,-1.0,1.0,-1.0,-1.0,1.0,-1.0,-1.0,1.0,-1.0,-1.0,-1.0,-1.0,1.0,-1.0,-1.0,-1.0,-1.0,-1.0,-1.0,-1.0,-1.0,-1.0,1.0,-1.0,-1.0,-1.0,-1.0,-1.0
Goteitaishi,-1.0,1.0,-1.0,-1.0,-1.0,-1.0,-1.0,1.0,-1.0,-1.0,-1.0,-1.0,1.0,-1.0,-1.0,-1.0,-1.0,-1.0,-1.0,-1.0,-1.0,-1.0,1.0,-1.0,-1.0,-1.0,-1.0,-1.0
Kirio Hikifune,1.0,-1.0,-1.0,-1.0,-1.0,-1.0,-1.0,1.0,-1.0,-1.0,-1.0,-1.0,1.0,-1.0,1.0,-1.0,-1.0,-1.0,-1.0,1.0,-1.0,-1.0,1.0,-1.0,-1.0,-1.0,-1.0,-1.0
Momo Hinamori,1.0,1.0,-1.0,-1.0,-1.0,-1.0,-1.0,1.0,-1.0,-1.0,-1.0,-1.0,1.0,-1.0,-1.0,-1.0,1.0,-1.0,-1.0,-1.0,-1.0,-1.0,1.0,-1.0,-1.0,-1.0,-1.0,-1.0
Shuhei Hisagi,-1.0,1.0,-1.0,1.0,-1.0,-1.0,-1.0,1.0,-1.0,-1.0,-1.0,-1.0,1.0,-1.0,-1.0,-1.0,1.0,-1.0,-1.0,-1.0,-1.0,-1.0,1.0,-1.0,-1.0,-1.0,-1.0,-1.0
Hiyosu,-1.0,-1.0,-1.0,-1.0,1.0,-1.0,1.0,-1.0,-1.0,-1.0,-1.0,-1.0,1.0,-1.0,-1.0,-1.0,-1.0,-1.0,-1.0,-1.0,-1.0,-1.0,1.0,-1.0,-1.0,-1.0,-1.0,-1.0
Ichibe Hyosube,-1.0,1.0,-1.0,-1.0,-1.0,-1.0,-1.0,1.0,-1.0,-1.0,-1.0,-1.0,1.0,-1.0,1.0,-1.0,-1.0,-1.0,-1.0,1.0,-1.0,-1.0,1.0,-1.0,-1.0,-1.0,-1.0,-1.0
Chikane Iba,1.0,1.0,-1.0,-1.0,-1.0,-1.0,-1.0,1.0,-1.0,-1.0,-1.0,-1.0,1.0,-1.0,-1.0,-1.0,-1.0,-1.0,-1.0,-1.0,-1.0,-1.0,1.0,-1.0,-1.0,-1.0,-1.0,-1.0
Tetsuzaemon Iba,-1.0,1.0,-1.0,-1.0,1.0,-1.0,-1.0,1.0,-1.0,-1.0,-1.0,-1.0,1.0,-1.0,1.0,-1.0,1.0,-1.0,-1.0,-1.0,-1.0,-1.0,1.0,-1.0,-1.0,-1.0,-1.0,-1.0
Yasochika Iemura,-1.0,-1.0,-1.0,-1.0,1.0,-1.0,-1.0,1.0,-1.0,-1.0,-1.0,1.0,1.0,-1.0,-1.0,-1.0,-1.0,-1.0,-1.0,-1.0,-1.0,-1.0,1.0,-1.0,-1.0,-1.0,-1.0,-1.0
Jirobo Ikkanzaka,-1.0,-1.0,-1.0,-1.0,-1.0,-1.0,-1.0,-1.0,1.0,-1.0,-1.0,-1.0,1.0,-1.0,-1.0,-1.0,-1.0,-1.0,-1.0,-1.0,-1.0,-1.0,1.0,-1.0,-1.0,-1.0,-1.0,-1.0
Nanao Ise,1.0,1.0,-1.0,-1.0,1.0,-1.0,-1.0,1.0,-1.0,-1.0,-1.0,-1.0,1.0,-1.0,1.0,-1.0,1.0,-1.0,-1.0,-1.0,-1.0,-1.0,1.0,-1.0,-1.0,-1.0,-1.0,-1.0
Kinroku Izuhara,-1.0,1.0,-1.0,-1.0,1.0,-1.0,-1.0,1.0,-1.0,-1.0,-1.0,-1.0,1.0,-1.0,-1.0,-1.0,-1.0,-1.0,-1.0,-1.0,-1.0,-1.0,1.0,-1.0,-1.0,-1.0,-1.0,-1.0
Hidetomo Kajomaru,-1.0,-1.0,-1.0,-1.0,1.0,-1.0,-1.0,1.0,-1.0,-1.0,-1.0,-1.0,1.0,-1.0,-1.0,-1.0,-1.0,1.0,-1.0,-1.0,-1.0,-1.0,1.0,-1.0,-1.0,-1.0,-1.0,-1.0
Kakyo,1.0,1.0,-1.0,-1.0,-1.0,-1.0,-1.0,-1.0,-1.0,-1.0,-1.0,-1.0,-1.0,-1.0,-1.0,-1.0,-1.0,1.0,-1.0,-1.0,-1.0,-1.0,1.0,-1.0,-1.0,-1.0,-1.0,-1.0
Heizo Kasaki,-1.0,-1.0,-1.0,-1.0,-1.0,-1.0,-1.0,1.0,-1.0,-1.0,-1.0,-1.0,1.0,-1.0,-1.0,-1.0,-1.0,-1.0,-1.0,-1.0,-1.0,-1.0,1.0,-1.0,-1.0,-1.0,-1.0,-1.0
Asuka Katakura,-1.0,1.0,-1.0,-1.0,-1.0,-1.0,-1.0,1.0,-1.0,-1.0,-1.0,-1.0,1.0,-1.0,-1.0,-1.0,-1.0,-1.0,-1.0,-1.0,-1.0,-1.0,1.0,-1.0,-1.0,-1.0,-1.0,-1.0
Batsu'unsai Katori,1.0,1.0,-1.0,-1.0,1.0,-1.0,-1.0,1.0,-1.0,-1.0,-1.0,-1.0,1.0,-1.0,-1.0,-1.0,-1.0,1.0,-1.0,-1.0,-1.0,-1.0,1.0,-1.0,-1.0,-1.0,-1.0,-1.0
Kenpachi Kiganjo,-1.0,1.0,-1.0,1.0,-1.0,-1.0,-1.0,1.0,-1.0,-1.0,-1.0,-1.0,1.0,-1.0,1.0,-1.0,-1.0,1.0,-1.0,-1.0,-1.0,-1.0,1.0,-1.0,-1.0,-1.0,-1.0,-1.0
Izuru Kira,-1.0,-1.0,-1.0,-1.0,-1.0,-1.0,-1.0,1.0,-1.0,-1.0,-1.0,-1.0,1.0,-1.0,-1.0,-1.0,1.0,-1.0,-1.0,-1.0,-1.0,-1.0,1.0,-1.0,-1.0,-1.0,-1.0,-1.0
Tenjiro Kirinji,-1.0,1.0,-1.0,-1.0,-1.0,-1.0,-1.0,1.0,-1.0,-1.0,-1.0,1.0,1.0,-1.0,1.0,-1.0,-1.0,-1.0,-1.0,1.0,-1.0,-1.0,1.0,-1.0,-1.0,-1.0,-1.0,-1.0
Isane Kotetsu,1.0,-1.0,-1.0,-1.0,-1.0,-1.0,-1.0,1.0,-1.0,-1.0,-1.0,1.0,1.0,-1.0,1.0,-1.0,1.0,-1.0,-1.0,-1.0,-1.0,-1.0,1.0,-1.0,-1.0,-1.0,-1.0,-1.0
Kiyone Kotetsu,1.0,-1.0,-1.0,-1.0,-1.0,-1.0,-1.0,1.0,-1.0,-1.0,-1.0,-1.0,1.0,-1.0,-1.0,-1.0,1.0,-1.0,-1.0,-1.0,-1.0,-1.0,1.0,-1.0,-1.0,-1.0,-1.0,-1.0
Jinemon Kotsubaki,-1.0,1.0,-1.0,1.0,-1.0,-1.0,-1.0,1.0,-1.0,-1.0,-1.0,-1.0,1.0,-1.0,-1.0,-1.0,-1.0,-1.0,-1.0,-1.0,-1.0,-1.0,1.0,-1.0,-1.0,-1.0,-1.0,-1.0
Sentaro Kotsubaki,-1.0,1.0,-1.0,-1.0,-1.0,-1.0,-1.0,1.0,-1.0,-1.0,-1.0,-1.0,1.0,-1.0,-1.0,-1.0,1.0,-1.0,-1.0,-1.0,-1.0,-1.0,1.0,-1.0,-1.0,-1.0,-1.0,-1.0
Ginrei Kuchiki,-1.0,1.0,-1.0,-1.0,-1.0,-1.0,-1.0,1.0,-1.0,-1.0,-1.0,-1.0,1.0,-1.0,1.0,1.0,-1.0,-1.0,-1.0,1.0,-1.0,-1.0,1.0,-1.0,-1.0,-1.0,-1.0,-1.0
Sojun Kuchiki,-1.0,1.0,-1.0,-1.0,-1.0,-1.0,-1.0,1.0,-1.0,-1.0,-1.0,-1.0,1.0,-1.0,-1.0,1.0,-1.0,1.0,-1.0,-1.0,-1.0,-1.0,1.0,-1.0,-1.0,-1.0,-1.0,-1.0
Entetsu Kumoi,-1.0,-1.0,-1.0,-1.0,1.0,-1.0,-1.0,1.0,-1.0,-1.0,-1.0,-1.0,1.0,-1.0,-1.0,-1.0,-1.0,1.0,-1.0,-1.0,-1.0,-1.0,1.0,-1.0,-1.0,-1.0,-1.0,-1.0
Niko Kuna,1.0,-1.0,-1.0,-1.0,1.0,1.0,-1.0,1.0,-1.0,-1.0,-1.0,-1.0,1.0,-1.0,-1.0,-1.0,-1.0,-1.0,-1.0,-1.0,-1.0,-1.0,1.0,-1.0,-1.0,-1.0,-1.0,-1.0
Isshin Kurosaki,-1.0,1.0,-1.0,-1.0,-1.0,-1.0,-1.0,1.0,-1.0,-1.0,-1.0,-1.0,1.0,-1.0,1.0,-1.0,-1.0,-1.0,-1.0,1.0,-1.0,-1.0,1.0,-1.0,-1.0,-1.0,-1.0,-1.0
Zennosuke Kurumadani,-1.0,1.0,-1.0,-1.0,-1.0,-1.0,-1.0,1.0,-1.0,-1.0,-1.0,-1.0,1.0,-1.0,-1.0,-1.0,1.0,-1.0,-1.0,-1.0,-1.0,-1.0,1.0,-1.0,-1.0,-1.0,-1.0,-1.0
Yachiru Kusajishi,1.0,-1.0,-1.0,-1.0,-1.0,1.0,-1.0,1.0,-1.0,-1.0,-1.0,-1.0,1.0,-1.0,-1.0,-1.0,1.0,-1.0,-1.0,-1.0,-1.0,-1.0,1.0,-1.0,-1.0,-1.0,-1.0,-1.0
Shunzan Kyoraku,-1.0,1.0,-1.0,-1.0,-1.0,-1.0,-1.0,1.0,-1.0,-1.0,-1.0,-1.0,1.0,-1.0,-1.0,1.0,-1.0,-1.0,-1.0,-1.0,-1.0,-1.0,1.0,-1.0,-1.0,-1.0,-1.0,-1.0
Ikkaku Madarame,-1.0,-1.0,-1.0,-1.0,-1.0,-1.0,-1.0,1.0,-1.0,-1.0,-1.0,-1.0,1.0,-1.0,-1.0,-1.0,1.0,-1.0,1.0,-1.0,-1.0,-1.0,1.0,-1.0,-1.0,-1.0,-1.0,-1.0
Shino Madarame,1.0,1.0,1.0,-1.0,-1.0,-1.0,-1.0,1.0,-1.0,-1.0,-1.0,-1.0,1.0,-1.0,-1.0,-1.0,-1.0,-1.0,-1.0,-1.0,-1.0,-1.0,1.0,-1.0,-1.0,-1.0,-1.0,-1.0
Oetsu Nimaiya,-1.0,-1.0,-1.0,-1.0,1.0,-1.0,-1.0,1.0,-1.0,-1.0,-1.0,-1.0,1.0,-1.0,1.0,-1.0,-1.0,-1.0,-1.0,1.0,-1.0,-1.0,1.0,-1.0,-1.0,-1.0,-1.0,-1.0
Danjirō Obana,-1.0,-1.0,-1.0,-1.0,-1.0,-1.0,-1.0,1.0,-1.0,-1.0,-1.0,-1.0,1.0,-1.0,-1.0,-1.0,-1.0,1.0,-1.0,-1.0,-1.0,-1.0,1.0,-1.0,-1.0,-1.0,-1.0,-1.0
Harunobu Ogido,-1.0,1.0,-1.0,-1.0,-1.0,-1.0,-1.0,1.0,-1.0,-1.0,-1.0,1.0,1.0,-1.0,-1.0,-1.0,-1.0,-1.0,-1.0,-1.0,-1.0,-1.0,1.0,-1.0,-1.0,-1.0,-1.0,-1.0
Genshiro Okikiba,-1.0,-1.0,-1.0,-1.0,-1.0,-1.0,-1.0,1.0,-1.0,-1.0,-1.0,-1.0,1.0,-1.0,-1.0,-1.0,-1.0,1.0,-1.0,-1.0,-1.0,-1.0,1.0,-1.0,-1.0,-1.0,-1.0,-1.0
Atau Rindo,-1.0,1.0,-1.0,-1.0,-1.0,-1.0,-1.0,1.0,-1.0,-1.0,-1.0,-1.0,1.0,-1.0,-1.0,-1.0,-1.0,-1.0,-1.0,-1.0,-1.0,-1.0,1.0,-1.0,-1.0,-1.0,-1.0,-1.0
Furofushi Saito,1.0,-1.0,-1.0,-1.0,1.0,-1.0,-1.0,1.0,-1.0,-1.0,-1.0,-1.0,1.0,-1.0,-1.0,-1.0,-1.0,1.0,-1.0,-1.0,-1.0,-1.0,1.0,-1.0,-1.0,-1.0,-1.0,-1.0
Saizo Sakahone,-1.0,-1.0,-1.0,-1.0,-1.0,-1.0,1.0,1.0,-1.0,-1.0,-1.0,-1.0,1.0,-1.0,-1.0,-1.0,-1.0,1.0,-1.0,-1.0,-1.0,-1.0,1.0,-1.0,-1.0,-1.0,-1.0,-1.0
Chojiro Sasakibe,-1.0,-1.0,-1.0,-1.0,-1.0,-1.0,-1.0,1.0,-1.0,-1.0,-1.0,-1.0,1.0,-1.0,-1.0,-1.0,1.0,1.0,-1.0,-1.0,-1.0,-1.0,1.0,-1.0,-1.0,-1.0,-1.0,-1.0
Kaien Shiba,-1.0,1.0,-1.0,-1.0,-1.0,-1.0,-1.0,1.0,-1.0,-1.0,-1.0,-1.0,1.0,-1.0,-1.0,1.0,1.0,1.0,-1.0,-1.0,-1.0,-1.0,1.0,-1.0,-1.0,-1.0,-1.0,-1.0
Miyako Shiba,1.0,1.0,-1.0,-1.0,-1.0,-1.0,-1.0,1.0,-1.0,-1.0,-1.0,-1.0,1.0,-1.0,-1.0,1.0,-1.0,1.0,-1.0,-1.0,-1.0,-1.0,1.0,-1.0,-1.0,-1.0,-1.0,-1.0
Nobutsuna Shigyo,-1.0,1.0,-1.0,1.0,-1.0,-1.0,-1.0,1.0,-1.0,-1.0,-1.0,-1.0,1.0,-1.0,-1.0,-1.0,-1.0,1.0,-1.0,-1.0,-1.0,-1.0,1.0,-1.0,-1.0,-1.0,-1.0,-1.0
Chika Shihoin,-1.0,1.0,-1.0,-1.0,-1.0,-1.0,-1.0,1.0,-1.0,-1.0,-1.0,-1.0,1.0,-1.0,-1.0,1.0,-1.0,1.0,-1.0,-1.0,-1.0,-1.0,1.0,-1.0,-1.0,-1.0,-1.0,-1.0
Chigiri Shijima,-1.0,-1.0,-1.0,-1.0,-1.0,-1.0,-1.0,1.0,-1.0,-1.0,-1.0,-1.0,1.0,-1.0,-1.0,-1.0,-1.0,1.0,-1.0,-1.0,-1.0,-1.0,1.0,-1.0,-1.0,-1.0,-1.0,-1.0
Senjumaru Shutara,1.0,1.0,-1.0,-1.0,-1.0,-1.0,-1.0,1.0,-1.0,-1.0,-1.0,-1.0,1.0,-1.0,1.0,-1.0,-1.0,-1.0,-1.0,1.0,-1.0,-1.0,1.0,-1.0,-1.0,-1.0,-1.0,-1.0
Sui-Feng,1.0,1.0,-1.0,-1.0,-1.0,-1.0,-1.0,1.0,-1.0,-1.0,-1.0,-1.0,1.0,-1.0,1.0,-1.0,1.0,-1.0,-1.0,-1.0,-1.0,-1.0,1.0,-1.0,-1.0,-1.0,-1.0,-1.0
Kokichiro Takezoe,-1.0,1.0,-1.0,-1.0,-1.0,-1.0,-1.0,1.0,-1.0,-1.0,-1.0,-1.0,1.0,-1.0,-1.0,-1.0,-1.0,-1.0,-1.0,-1.0,-1.0,-1.0,1.0,-1.0,-1.0,-1.0,-1.0,-1.0
Izaemon Todo,-1.0,1.0,1.0,-1.0,-1.0,-1.0,-1.0,1.0,-1.0,-1.0,-1.0,-1.0,1.0,-1.0,-1.0,-1.0,-1.0,-1.0,-1.0,-1.0,-1.0,-1.0,1.0,-1.0,-1.0,-1.0,-1.0,-1.0
Riku Togakushi,-1.0,-1.0,-1.0,-1.0,-1.0,-1.0,-1.0,1.0,-1.0,-1.0,-1.0,-1.0,1.0,-1.0,-1.0,-1.0,-1.0,1.0,-1.0,-1.0,-1.0,-1.0,1.0,-1.0,-1.0,-1.0,-1.0,-1.0
Rin Tsubokura,1.0,-1.0,-1.0,-1.0,-1.0,1.0,-1.0,1.0,-1.0,-1.0,-1.0,-1.0,1.0,-1.0,-1.0,-1.0,1.0,-1.0,-1.0,-1.0,-1.0,-1.0,1.0,-1.0,-1.0,-1.0,-1.0,-1.0
Tessai Tsukabishi,-1.0,1.0,-1.0,-1.0,1.0,-1.0,-1.0,-1.0,-1.0,1.0,-1.0,1.0,1.0,-1.0,1.0,-1.0,1.0,-1.0,-1.0,1.0,-1.0,-1.0,1.0,-1.0,-1.0,-1.0,-1.0,-1.0
Toshimori Umesada,-1.0,1.0,-1.0,-1.0,-1.0,-1.0,-1.0,1.0,-1.0,-1.0,-1.0,-1.0,1.0,-1.0,-1.0,-1.0,-1.0,-1.0,-1.0,-1.0,-1.0,-1.0,1.0,-1.0,-1.0,-1.0,-1.0,-1.0
Retsu Unohana,1.0,1.0,-1.0,-1.0,-1.0,-1.0,-1.0,1.0,-1.0,-1.0,-1.0,1.0,1.0,-1.0,1.0,-1.0,1.0,1.0,-1.0,1.0,-1.0,-1.0,1.0,-1.0,-1.0,-1.0,-1.0,-1.0
Hanataro Yamada,-1.0,1.0,-1.0,-1.0,-1.0,-1.0,-1.0,1.0,-1.0,-1.0,-1.0,1.0,1.0,-1.0,-1.0,-1.0,1.0,-1.0,-1.0,-1.0,-1.0,-1.0,1.0,-1.0,-1.0,-1.0,-1.0,-1.0
Seinosuke Yamada,-1.0,1.0,-1.0,-1.0,-1.0,-1.0,-1.0,1.0,-1.0,-1.0,-1.0,1.0,1.0,-1.0,-1.0,-1.0,-1.0,-1.0,-1.0,-1.0,-1.0,-1.0,1.0,-1.0,-1.0,-1.0,-1.0,-1.0
Yuyu Yayahara,1.0,-1.0,-1.0,-1.0,-1.0,-1.0,-1.0,-1.0,-1.0,1.0,-1.0,-1.0,1.0,-1.0,-1.0,-1.0,-1.0,-1.0,-1.0,-1.0,-1.0,-1.0,1.0,-1.0,-1.0,-1.0,-1.0,-1.0
Rikichi Yuki,-1.0,1.0,-1.0,-1.0,-1.0,-1.0,-1.0,1.0,-1.0,-1.0,-1.0,-1.0,1.0,-1.0,-1.0,-1.0,1.0,-1.0,-1.0,-1.0,-1.0,-1.0,1.0,-1.0,-1.0,-1.0,-1.0,-1.0
Ryunosuke Yuki,-1.0,1.0,-1.0,-1.0,-1.0,-1.0,-1.0,1.0,-1.0,-1.0,-1.0,-1.0,1.0,-1.0,-1.0,-1.0,-1.0,-1.0,-1.0,-1.0,-1.0,-1.0,1.0,-1.0,-1.0,-1.0,-1.0,-1.0
Uhin Zenjoji,-1.0,1.0,-1.0,-1.0,-1.0,-1.0,-1.0,1.0,-1.0,-1.0,-1.0,-1.0,1.0,-1.0,-1.0,-1.0,-1.0,-1.0,-1.0,-1.0,-1.0,-1.0,1.0,-1.0,-1.0,-1.0,-1.0,-1.0
Loly Aivirrne,1.0,1.0,-1.0,-1.0,-1.0,-1.0,-1.0,1.0,-1.0,-1.0,-1.0,-1.0,1.0,-1.0,-1.0,-1.0,1.0,-1.0,-1.0,-1.0,-1.0,-1.0,-1.0,-1.0,1.0,-1.0,-1.0,-1.0
Luppi Antenor,-1.0,1.0,-1.0,-1.0,-1.0,-1.0,-1.0,1.0,-1.0,-1.0,-1.0,-1.0,1.0,-1.0,1.0,-1.0,1.0,1.0,-1.0,-1.0,-1.0,-1.0,-1.0,-1.0,1.0,-1.0,-1.0,-1.0
Emilou Apacci,1.0,1.0,-1.0,-1.0,-1.0,-1.0,-1.0,1.0,-1.0,-1.0,-1.0,-1.0,1.0,-1.0,-1.0,-1.0,1.0,-1.0,-1.0,-1.0,-1.0,-1.0,-1.0,-1.0,1.0,-1.0,-1.0,-1.0
Aaroniero Arruruerie,-1.0,-1.0,1.0,-1.0,-1.0,-1.0,1.0,1.0,-1.0,-1.0,-1.0,-1.0,1.0,-1.0,1.0,-1.0,1.0,1.0,-1.0,-1.0,-1.0,-1.0,-1.0,-1.0,1.0,-1.0,-1.0,-1.0
Dondochakka,-1.0,-1.0,1.0,-1.0,-1.0,-1.0,1.0,-1.0,-1.0,1.0,-1.0,-1.0,-1.0,-1.0,-1.0,-1.0,1.0,-1.0,-1.0,-1.0,-1.0,-1.0,-1.0,-1.0,1.0,-1.0,-1.0,-1.0
Findorr Calius,-1.0,-1.0,-1.0,-1.0,1.0,-1.0,-1.0,1.0,-1.0,-1.0,-1.0,-1.0,1.0,-1.0,-1.0,-1.0,1.0,1.0,-1.0,-1.0,-1.0,-1.0,-1.0,-1.0,1.0,-1.0,-1.0,-1.0
Rudbornn Chelute,-1.0,-1.0,1.0,-1.0,-1.0,-1.0,1.0,1.0,-1.0,-1.0,1.0,-1.0,1.0,-1.0,1.0,-1.0,1.0,-1.0,-1.0,-1.0,-1.0,-1.0,-1.0,-1.0,1.0,-1.0,-1.0,-1.0
Charlotte,-1.0,-1.0,-1.0,-1.0,-1.0,-1.0,-1.0,1.0,-1.0,-1.0,-1.0,-1.0,1.0,-1.0,-1.0,-1.0,1.0,1.0,-1.0,-1.0,-1.0,-1.0,-1.0,-1.0,1.0,-1.0,-1.0,-1.0
Ulquiorra Cifer,-1.0,1.0,-1.0,1.0,-1.0,-1.0,-1.0,1.0,-1.0,-1.0,-1.0,-1.0,1.0,-1.0,1.0,-1.0,1.0,1.0,1.0,-1.0,-1.0,-1.0,-1.0,-1.0,1.0,-1.0,-1.0,-1.0
Dordoni,-1.0,1.0,-1.0,-1.0,-1.0,-1.0,-1.0,1.0,-1.0,-1.0,-1.0,-1.0,1.0,-1.0,-1.0,-1.0,1.0,1.0,1.0,-1.0,-1.0,-1.0,-1.0,-1.0,1.0,-1.0,-1.0,-1.0
Asguiaro Ebern,-1.0,-1.0,-1.0,-1.0,-1.0,-1.0,-1.0,-1.0,1.0,-1.0,-1.0,-1.0,1.0,-1.0,-1.0,-1.0,-1.0,1.0,-1.0,-1.0,-1.0,-1.0,-1.0,1.0,1.0,-1.0,-1.0,-1.0
Luders Friegen,-1.0,-1.0,-1.0,-1.0,-1.0,-1.0,-1.0,-1.0,1.0,-1.0,-1.0,-1.0,1.0,-1.0,-1.0,-1.0,-1.0,1.0,-1.0,-1.0,-1.0,-1.0,-1.0,-1.0,1.0,-1.0,-1.0,-1.0
Nnoitra Gilga,-1.0,1.0,-1.0,1.0,1.0,-1.0,-1.0,1.0,-1.0,-1.0,-1.0,-1.0,1.0,-1.0,1.0,-1.0,1.0,1.0,1.0,-1.0,-1.0,-1.0,-1.0,-1.0,1.0,-1.0,-1.0,-1.0
Lilynette Gingerbuck,1.0,-1.0,1.0,-1.0,1.0,1.0,-1.0,1.0,1.0,-1.0,-1.0,-1.0,1.0,-1.0,1.0,-1.0,1.0,1.0,-1.0,-1.0,-1.0,-1.0,-1.0,-1.0,1.0,-1.0,-1.0,-1.0
Szayelaporro Granz,-1.0,-1.0,-1.0,-1.0,1.0,-1.0,-1.0,1.0,-1.0,-1.0,-1.0,-1.0,1.0,-1.0,1.0,-1.0,1.0,1.0,-1.0,-1.0,-1.0,-1.0,-1.0,-1.0,1.0,-1.0,-1.0,-1.0
Yylfordt Granz,-1.0,-1.0,-1.0,-1.0,-1.0,-1.0,-1.0,1.0,-1.0,-1.0,-1.0,-1.0,1.0,-1.0,-1.0,-1.0,1.0,1.0,-1.0,-1.0,-1.0,-1.0,-1.0,-1.0,1.0,-1.0,-1.0,-1.0
Nakeem Grindina,-1.0,1.0,1.0,1.0,-1.0,-1.0,-1.0,-1.0,-1.0,1.0,-1.0,-1.0,1.0,-1.0,-1.0,-1.0,1.0,1.0,-1.0,-1.0,-1.0,-1.0,-1.0,-1.0,1.0,-1.0,-1.0,-1.0
Pesche Guatiche,-1.0,-1.0,1.0,-1.0,-1.0,-1.0,1.0,1.0,-1.0,-1.0,-1.0,-1.0,-1.0,-1.0,-1.0,-1.0,1.0,-1.0,-1.0,-1.0,-1.0,-1.0,-1.0,-1.0,1.0,-1.0,-1.0,-1.0
Tier Harribel,1.0,-1.0,-1.0,-1.0,-1.0,-1.0,-1.0,1.0,-1.0,-1.0,-1.0,-1.0,1.0,-1.0,1.0,-1.0,1.0,-1.0,-1.0,-1.0,-1.0,-1.0,-1.0,-1.0,1.0,-1.0,-1.0,-1.0
Grimmjow,-1.0,-1.0,-1.0,-1.0,-1.0,-1.0,-1.0,1.0,-1.0,-1.0,-1.0,-1.0,1.0,-1.0,1.0,-1.0,1.0,-1.0,1.0,-1.0,-1.0,-1.0,-1.0,-1.0,1.0,-1.0,-1.0,-1.0
Shawlong Koufang,-1.0,-1.0,-1.0,-1.0,-1.0,-1.0,-1.0,1.0,-1.0,-1.0,-1.0,-1.0,1.0,-1.0,-1.0,-1.0,1.0,1.0,-1.0,-1.0,-1.0,-1.0,-1.0,-1.0,1.0,-1.0,-1.0,-1.0
Kukkapuro,-1.0,-1.0,-1.0,-1.0,-1.0,-1.0,1.0,-1.0,-1.0,-1.0,-1.0,-1.0,-1.0,-1.0,-1.0,-1.0,1.0,-1.0,-1.0,-1.0,-1.0,-1.0,-1.0,-1.0,1.0,-1.0,-1.0,-1.0
Tesra Lindocruz,-1.0,-1.0,-1.0,1.0,1.0,-1.0,-1.0,1.0,-1.0,-1.0,-1.0,-1.0,1.0,-1.0,-1.0,-1.0,1.0,1.0,-1.0,-1.0,-1.0,-1.0,-1.0,-1.0,1.0,-1.0,-1.0,-1.0
Edrad Liones,-1.0,1.0,-1.0,-1.0,-1.0,-1.0,-1.0,1.0,-1.0,-1.0,-1.0,-1.0,1.0,-1.0,-1.0,-1.0,1.0,1.0,-1.0,-1.0,-1.0,-1.0,-1.0,-1.0,1.0,-1.0,-1.0,-1.0
Yammy Llargo,-1.0,-1.0,-1.0,1.0,-1.0,-1.0,-1.0,-1.0,-1.0,1.0,-1.0,-1.0,1.0,-1.0,1.0,-1.0,1.0,1.0,1.0,-1.0,-1.0,-1.0,-1.0,-1.0,1.0,-1.0,-1.0,-1.0
Baraggan,-1.0,-1.0,-1.0,-1.0,-1.0,-1.0,1.0,1.0,-1.0,-1.0,-1.0,-1.0,1.0,-1.0,1.0,-1.0,1.0,1.0,-1.0,-1.0,-1.0,-1.0,-1.0,-1.0,1.0,-1.0,-1.0,-1.0
Lumina and Verona,-1.0,-1.0,-1.0,-1.0,-1.0,1.0,1.0,-1.0,-1.0,1.0,-1.0,-1.0,1.0,-1.0,-1.0,-1.0,1.0,1.0,-1.0,-1.0,-1.0,-1.0,-1.0,-1.0,1.0,-1.0,-1.0,-1.0
Gantenbainne,-1.0,-1.0,-1.0,-1.0,1.0,-1.0,-1.0,-1.0,-1.0,1.0,-1.0,-1.0,1.0,-1.0,-1.0,-1.0,1.0,-1.0,-1.0,-1.0,-1.0,-1.0,-1.0,-1.0,1.0,-1.0,-1.0,-1.0
Menoly Mallia,1.0,-1.0,-1.0,-1.0,1.0,-1.0,-1.0,-1.0,-1.0,-1.0,-1.0,-1.0,1.0,-1.0,-1.0,-1.0,1.0,1.0,-1.0,-1.0,-1.0,-1.0,-1.0,-1.0,1.0,-1.0,-1.0,-1.0
Wonderweiss Margela,-1.0,-1.0,-1.0,-1.0,-1.0,1.0,-1.0,1.0,-1.0,-1.0,-1.0,-1.0,1.0,-1.0,-1.0,-1.0,1.0,1.0,-1.0,-1.0,-1.0,-1.0,-1.0,-1.0,1.0,-1.0,-1.0,-1.0
Medazeppi,-1.0,-1.0,1.0,-1.0,-1.0,-1.0,1.0,-1.0,-1.0,1.0,-1.0,-1.0,1.0,-1.0,-1.0,-1.0,1.0,1.0,-1.0,-1.0,-1.0,-1.0,-1.0,-1.0,1.0,-1.0,-1.0,-1.0
Nelliel,1.0,-1.0,1.0,1.0,-1.0,-1.0,-1.0,1.0,-1.0,-1.0,-1.0,-1.0,-1.0,-1.0,1.0,-1.0,1.0,-1.0,-1.0,-1.0,-1.0,-1.0,-1.0,-1.0,1.0,-1.0,-1.0,-1.0
Roka Paramia,1.0,1.0,-1.0,-1.0,-1.0,-1.0,-1.0,-1.0,-1.0,-1.0,-1.0,1.0,1.0,-1.0,-1.0,-1.0,1.0,-1.0,-1.0,-1.0,-1.0,-1.0,-1.0,-1.0,1.0,-1.0,-1.0,-1.0
Choe Neng Poww,-1.0,1.0,-1.0,1.0,-1.0,-1.0,-1.0,1.0,-1.0,-1.0,-1.0,-1.0,1.0,-1.0,-1.0,-1.0,1.0,1.0,-1.0,-1.0,-1.0,-1.0,-1.0,-1.0,1.0,-1.0,-1.0,-1.0
Nirgge Parduoc,-1.0,-1.0,1.0,-1.0,-1.0,-1.0,1.0,1.0,-1.0,-1.0,-1.0,-1.0,1.0,-1.0,-1.0,-1.0,1.0,1.0,-1.0,-1.0,-1.0,-1.0,-1.0,-1.0,1.0,-1.0,-1.0,-1.0
Abirama Redder,-1.0,1.0,-1.0,1.0,-1.0,-1.0,-1.0,1.0,-1.0,-1.0,-1.0,-1.0,1.0,-1.0,-1.0,-1.0,1.0,1.0,-1.0,-1.0,-1.0,-1.0,-1.0,-1.0,1.0,-1.0,-1.0,-1.0
Di Roy Rinker,-1.0,-1.0,1.0,1.0,-1.0,-1.0,-1.0,1.0,-1.0,-1.0,-1.0,-1.0,1.0,-1.0,-1.0,-1.0,1.0,1.0,-1.0,-1.0,-1.0,-1.0,-1.0,-1.0,1.0,-1.0,-1.0,-1.0
Franceska Mila Rose,1.0,1.0,1.0,-1.0,-1.0,-1.0,-1.0,1.0,-1.0,-1.0,-1.0,-1.0,1.0,-1.0,-1.0,-1.0,1.0,-1.0,-1.0,-1.0,-1.0,-1.0,-1.0,-1.0,1.0,-1.0,-1.0,-1.0
Zommari Rureaux,-1.0,-1.0,-1.0,-1.0,-1.0,-1.0,-1.0,1.0,-1.0,-1.0,-1.0,-1.0,1.0,-1.0,1.0,-1.0,1.0,1.0,-1.0,-1.0,-1.0,-1.0,-1.0,-1.0,1.0,-1.0,-1.0,-1.0
Cirucci Sanderwicci,1.0,-1.0,-1.0,-1.0,-1.0,-1.0,-1.0,1.0,1.0,-1.0,-1.0,-1.0,1.0,-1.0,-1.0,-1.0,1.0,1.0,-1.0,-1.0,-1.0,-1.0,-1.0,-1.0,1.0,-1.0,-1.0,-1.0
Coyote Starrk,-1.0,-1.0,-1.0,-1.0,-1.0,-1.0,-1.0,1.0,1.0,-1.0,-1.0,-1.0,1.0,-1.0,1.0,-1.0,1.0,1.0,-1.0,-1.0,-1.0,-1.0,-1.0,-1.0,1.0,-1.0,-1.0,-1.0
Cyan Sung-Sun,1.0,1.0,1.0,-1.0,-1.0,-1.0,-1.0,1.0,-1.0,-1.0,-1.0,-1.0,1.0,-1.0,-1.0,-1.0,1.0,-1.0,-1.0,-1.0,-1.0,-1.0,-1.0,-1.0,1.0,-1.0,-1.0,-1.0
Ggio Vega,-1.0,1.0,1.0,-1.0,-1.0,-1.0,-1.0,1.0,-1.0,-1.0,-1.0,-1.0,1.0,-1.0,-1.0,-1.0,1.0,1.0,-1.0,-1.0,-1.0,-1.0,-1.0,-1.0,1.0,-1.0,-1.0,-1.0
Aisslinger Wernarr,-1.0,-1.0,1.0,-1.0,-1.0,-1.0,1.0,-1.0,-1.0,1.0,-1.0,-1.0,1.0,-1.0,-1.0,-1.0,1.0,1.0,-1.0,-1.0,-1.0,-1.0,-1.0,-1.0,1.0,-1.0,-1.0,-1.0
Demoura Zodd,-1.0,-1.0,1.0,-1.0,-1.0,-1.0,1.0,-1.0,-1.0,1.0,-1.0,-1.0,1.0,-1.0,-1.0,-1.0,1.0,1.0,-1.0,-1.0,-1.0,-1.0,-1.0,-1.0,1.0,-1.0,-1.0,-1.0
Hironari Horiuchi,-1.0,1.0,-1.0,-1.0,-1.0,-1.0,-1.0,1.0,-1.0,-1.0,-1.0,-1.0,-1.0,-1.0,-1.0,-1.0,1.0,-1.0,-1.0,-1.0,-1.0,-1.0,-1.0,-1.0,-1.0,-1.0,-1.0,-1.0
Jidanbo Ikkanzaka,-1.0,-1.0,-1.0,-1.0,-1.0,-1.0,-1.0,1.0,-1.0,-1.0,-1.0,-1.0,1.0,-1.0,-1.0,-1.0,1.0,-1.0,-1.0,-1.0,-1.0,-1.0,-1.0,-1.0,-1.0,-1.0,-1.0,-1.0
Isuzu Ise,1.0,1.0,-1.0,-1.0,1.0,-1.0,-1.0,-1.0,-1.0,-1.0,-1.0,-1.0,1.0,-1.0,-1.0,-1.0,-1.0,-1.0,-1.0,-1.0,-1.0,-1.0,-1.0,-1.0,-1.0,-1.0,-1.0,-1.0
Kazuo and Kazuhiro,-1.0,-1.0,-1.0,-1.0,-1.0,-1.0,-1.0,-1.0,-1.0,1.0,-1.0,-1.0,1.0,-1.0,-1.0,-1.0,1.0,-1.0,-1.0,-1.0,-1.0,-1.0,-1.0,-1.0,-1.0,-1.0,-1.0,-1.0
Koganehiko and Shiroganehiko,-1.0,-1.0,-1.0,-1.0,-1.0,-1.0,-1.0,-1.0,-1.0,1.0,-1.0,-1.0,1.0,-1.0,-1.0,1.0,1.0,-1.0,-1.0,-1.0,-1.0,1.0,-1.0,-1.0,-1.0,-1.0,-1.0,-1.0
Hisana Kuchiki,1.0,1.0,-1.0,-1.0,-1.0,-1.0,-1.0,-1.0,-1.0,-1.0,-1.0,-1.0,1.0,-1.0,-1.0,1.0,1.0,1.0,-1.0,-1.0,-1.0,-1.0,-1.0,-1.0,-1.0,-1.0,-1.0,-1.0
Nobutsune Seike,-1.0,-1.0,-1.0,-1.0,-1.0,-1.0,-1.0,1.0,-1.0,-1.0,-1.0,-1.0,1.0,-1.0,-1.0,-1.0,-1.0,-1.0,-1.0,-1.0,-1.0,1.0,-1.0,-1.0,-1.0,-1.0,-1.0,-1.0
Ganju Shiba,-1.0,1.0,-1.0,-1.0,-1.0,-1.0,-1.0,1.0,1.0,-1.0,-1.0,-1.0,-1.0,-1.0,-1.0,1.0,1.0,-1.0,-1.0,-1.0,-1.0,-1.0,-1.0,-1.0,-1.0,-1.0,-1.0,-1.0
Kukaku Shiba,1.0,1.0,-1.0,-1.0,-1.0,-1.0,-1.0,1.0,1.0,-1.0,-1.0,-1.0,-1.0,-1.0,1.0,1.0,1.0,-1.0,-1.0,1.0,-1.0,-1.0,-1.0,-1.0,-1.0,-1.0,-1.0,-1.0
Yuichi Shibata,-1.0,-1.0,-1.0,-1.0,-1.0,1.0,-1.0,-1.0,-1.0,-1.0,-1.0,-1.0,-1.0,-1.0,-1.0,-1.0,1.0,-1.0,-1.0,-1.0,-1.0,-1.0,-1.0,-1.0,-1.0,-1.0,-1.0,-1.0
Yushiro Shihoin,-1.0,1.0,-1.0,-1.0,-1.0,1.0,-1.0,1.0,-1.0,-1.0,-1.0,-1.0,1.0,-1.0,1.0,1.0,-1.0,-1.0,-1.0,-1.0,-1.0,-1.0,-1.0,-1.0,-1.0,-1.0,-1.0,-1.0
Ayon,-1.0,-1.0,-1.0,-1.0,-1.0,-1.0,1.0,-1.0,-1.0,1.0,-1.0,-1.0,1.0,-1.0,-1.0,-1.0,-1.0,1.0,1.0,-1.0,-1.0,-1.0,-1.0,-1.0,1.0,-1.0,-1.0,-1.0
Bawabawa,-1.0,-1.0,-1.0,-1.0,-1.0,-1.0,1.0,-1.0,-1.0,1.0,-1.0,-1.0,-1.0,-1.0,-1.0,-1.0,-1.0,-1.0,-1.0,-1.0,-1.0,-1.0,-1.0,-1.0,1.0,-1.0,-1.0,-1.0
Bulbous G,-1.0,-1.0,-1.0,-1.0,-1.0,-1.0,1.0,-1.0,-1.0,1.0,-1.0,-1.0,-1.0,-1.0,-1.0,-1.0,1.0,1.0,-1.0,-1.0,-1.0,-1.0,-1.0,-1.0,1.0,-1.0,-1.0,-1.0
Cuerno,-1.0,-1.0,-1.0,-1.0,-1.0,-1.0,1.0,-1.0,-1.0,1.0,-1.0,-1.0,-1.0,-1.0,-1.0,-1.0,-1.0,1.0,-1.0,-1.0,-1.0,-1.0,-1.0,-1.0,1.0,-1.0,-1.0,-1.0
The Demi-Hollow,-1.0,-1.0,-1.0,-1.0,-1.0,-1.0,1.0,-1.0,-1.0,1.0,-1.0,-1.0,-1.0,-1.0,-1.0,-1.0,1.0,1.0,-1.0,-1.0,-1.0,-1.0,-1.0,-1.0,1.0,-1.0,-1.0,-1.0
Fishbone D,-1.0,-1.0,-1.0,-1.0,-1.0,-1.0,1.0,-1.0,-1.0,1.0,-1.0,-1.0,-1.0,-1.0,-1.0,-1.0,1.0,1.0,1.0,-1.0,-1.0,-1.0,-1.0,-1.0,1.0,-1.0,-1.0,-1.0
Grand Fisher,-1.0,-1.0,-1.0,1.0,-1.0,-1.0,1.0,-1.0,-1.0,1.0,-1.0,-1.0,-1.0,-1.0,-1.0,-1.0,1.0,1.0,1.0,-1.0,-1.0,-1.0,-1.0,-1.0,1.0,-1.0,-1.0,-1.0
Hooleer,-1.0,-1.0,-1.0,-1.0,-1.0,-1.0,1.0,-1.0,1.0,-1.0,-1.0,-1.0,1.0,-1.0,-1.0,-1.0,-1.0,1.0,-1.0,-1.0,-1.0,-1.0,-1.0,-1.0,1.0,-1.0,-1.0,-1.0
Hexapodus,-1.0,-1.0,-1.0,-1.0,-1.0,-1.0,1.0,-1.0,-1.0,1.0,-1.0,-1.0,-1.0,-1.0,-1.0,-1.0,1.0,1.0,-1.0,-1.0,-1.0,-1.0,-1.0,-1.0,1.0,-1.0,-1.0,-1.0
The Menos Grande,-1.0,-1.0,1.0,-1.0,-1.0,-1.0,1.0,-1.0,1.0,-1.0,-1.0,-1.0,1.0,-1.0,-1.0,-1.0,1.0,1.0,-1.0,-1.0,-1.0,-1.0,-1.0,-1.0,1.0,-1.0,-1.0,-1.0
Metastacia,-1.0,-1.0,-1.0,-1.0,-1.0,-1.0,1.0,-1.0,-1.0,1.0,-1.0,-1.0,-1.0,-1.0,-1.0,-1.0,1.0,1.0,-1.0,-1.0,-1.0,-1.0,-1.0,-1.0,1.0,-1.0,-1.0,-1.0
Numb Chandelier,-1.0,-1.0,-1.0,-1.0,-1.0,-1.0,1.0,-1.0,1.0,-1.0,-1.0,-1.0,-1.0,-1.0,-1.0,-1.0,1.0,1.0,-1.0,-1.0,-1.0,-1.0,-1.0,-1.0,1.0,-1.0,-1.0,-1.0
Runuganga,-1.0,-1.0,-1.0,-1.0,-1.0,-1.0,1.0,-1.0,-1.0,1.0,-1.0,-1.0,1.0,-1.0,-1.0,-1.0,-1.0,1.0,-1.0,-1.0,-1.0,-1.0,-1.0,-1.0,1.0,-1.0,-1.0,-1.0
Shrieker,-1.0,-1.0,-1.0,-1.0,-1.0,-1.0,1.0,-1.0,1.0,-1.0,-1.0,-1.0,-1.0,-1.0,-1.0,-1.0,1.0,1.0,1.0,-1.0,-1.0,-1.0,-1.0,-1.0,1.0,-1.0,-1.0,-1.0
White,-1.0,-1.0,-1.0,-1.0,-1.0,-1.0,1.0,1.0,-1.0,-1.0,-1.0,-1.0,-1.0,-1.0,-1.0,-1.0,-1.0,1.0,1.0,-1.0,-1.0,-1.0,-1.0,-1.0,1.0,-1.0,-1.0,-1.0
Zonzain,-1.0,-1.0,-1.0,-1.0,-1.0,-1.0,1.0,-1.0,-1.0,1.0,-1.0,-1.0,-1.0,-1.0,-1.0,-1.0,1.0,1.0,-1.0,-1.0,-1.0,-1.0,-1.0,-1.0,1.0,-1.0,-1.0,-1.0
Robert Accutrone,-1.0,-1.0,-1.0,-1.0,1.0,-1.0,-1.0,-1.0,1.0,-1.0,-1.0,-1.0,1.0,-1.0,-1.0,-1.0,-1.0,1.0,-1.0,-1.0,-1.0,-1.0,-1.0,1.0,-1.0,-1.0,-1.0,-1.0
Lille Barro,-1.0,-1.0,1.0,-1.0,-1.0,-1.0,-1.0,-1.0,1.0,-1.0,-1.0,-1.0,1.0,-1.0,1.0,-1.0,-1.0,1.0,-1.0,-1.0,-1.0,-1.0,-1.0,1.0,-1.0,-1.0,-1.0,-1.0
Bambietta,1.0,1.0,1.0,-1.0,-1.0,-1.0,-1.0,1.0,1.0,-1.0,-1.0,-1.0,1.0,-1.0,1.0,-1.0,-1.0,1.0,-1.0,-1.0,-1.0,-1.0,-1.0,1.0,-1.0,-1.0,-1.0,-1.0
Bazz-B,-1.0,-1.0,-1.0,1.0,-1.0,-1.0,-1.0,-1.0,1.0,-1.0,-1.0,-1.0,1.0,-1.0,-1.0,-1.0,-1.0,1.0,-1.0,-1.0,-1.0,-1.0,-1.0,1.0,-1.0,-1.0,-1.0,-1.0
Driscoll Berci,-1.0,1.0,-1.0,-1.0,-1.0,-1.0,-1.0,-1.0,1.0,-1.0,-1.0,-1.0,1.0,-1.0,-1.0,-1.0,-1.0,1.0,-1.0,-1.0,-1.0,-1.0,-1.0,1.0,-1.0,-1.0,-1.0,-1.0
BG9,-1.0,-1.0,1.0,-1.0,-1.0,-1.0,1.0,-1.0,1.0,-1.0,-1.0,-1.0,1.0,-1.0,-1.0,-1.0,-1.0,1.0,-1.0,-1.0,-1.0,-1.0,-1.0,1.0,-1.0,-1.0,-1.0,-1.0
Candice Catnipp,1.0,-1.0,-1.0,-1.0,-1.0,-1.0,-1.0,-1.0,1.0,-1.0,-1.0,-1.0,1.0,-1.0,-1.0,-1.0,-1.0,1.0,-1.0,-1.0,-1.0,-1.0,-1.0,1.0,-1.0,-1.0,-1.0,-1.0
Nikita Deslock,1.0,-1.0,1.0,-1.0,-1.0,-1.0,-1.0,-1.0,1.0,-1.0,-1.0,-1.0,1.0,-1.0,-1.0,-1.0,-1.0,1.0,-1.0,-1.0,-1.0,-1.0,-1.0,1.0,-1.0,-1.0,-1.0,-1.0
Shaz Domino,-1.0,-1.0,-1.0,1.0,1.0,-1.0,-1.0,-1.0,1.0,-1.0,-1.0,-1.0,1.0,-1.0,-1.0,-1.0,-1.0,1.0,-1.0,-1.0,-1.0,-1.0,-1.0,1.0,-1.0,-1.0,-1.0,-1.0
Cang Du,-1.0,1.0,-1.0,-1.0,-1.0,-1.0,-1.0,1.0,-1.0,-1.0,-1.0,-1.0,1.0,-1.0,-1.0,-1.0,-1.0,1.0,-1.0,-1.0,-1.0,-1.0,-1.0,1.0,-1.0,-1.0,-1.0,-1.0
Berenice Gabrielli,-1.0,-1.0,-1.0,-1.0,-1.0,-1.0,-1.0,-1.0,1.0,-1.0,-1.0,-1.0,1.0,-1.0,-1.0,-1.0,-1.0,1.0,-1.0,-1.0,-1.0,-1.0,-1.0,1.0,-1.0,-1.0,-1.0,-1.0
Giselle Gewelle,1.0,1.0,1.0,-1.0,-1.0,-1.0,-1.0,-1.0,1.0,-1.0,-1.0,1.0,1.0,-1.0,-1.0,-1.0,-1.0,1.0,-1.0,-1.0,-1.0,-1.0,-1.0,1.0,-1.0,-1.0,-1.0,-1.0
Jerome Guizbatt,-1.0,1.0,-1.0,-1.0,-1.0,-1.0,1.0,-1.0,1.0,-1.0,-1.0,-1.0,1.0,-1.0,-1.0,-1.0,-1.0,1.0,-1.0,-1.0,-1.0,-1.0,-1.0,1.0,-1.0,-1.0,-1.0,-1.0
Jugram Haschwalth,-1.0,-1.0,-1.0,-1.0,-1.0,-1.0,-1.0,1.0,1.0,-1.0,-1.0,-1.0,1.0,-1.0,1.0,1.0,-1.0,1.0,-1.0,-1.0,-1.0,-1.0,-1.0,1.0,-1.0,-1.0,-1.0,-1.0
Izumi Ishida,1.0,1.0,-1.0,-1.0,-1.0,-1.0,-1.0,-1.0,1.0,-1.0,-1.0,-1.0,-1.0,-1.0,-1.0,-1.0,-1.0,-1.0,-1.0,-1.0,-1.0,-1.0,-1.0,1.0,-1.0,-1.0,-1.0,-1.0
Ryuken Ishida,-1.0,-1.0,-1.0,-1.0,1.0,-1.0,-1.0,-1.0,1.0,-1.0,-1.0,-1.0,-1.0,-1.0,1.0,1.0,1.0,-1.0,-1.0,1.0,-1.0,-1.0,-1.0,1.0,-1.0,-1.0,-1.0,-1.0
Soken Ishida,-1.0,-1.0,-1.0,-1.0,1.0,-1.0,-1.0,-1.0,1.0,-1.0,-1.0,-1.0,-1.0,-1.0,-1.0,1.0,1.0,1.0,-1.0,1.0,-1.0,-1.0,-1.0,1.0,-1.0,-1.0,-1.0,-1.0
Uryu Ishida,-1.0,1.0,-1.0,-1.0,1.0,-1.0,-1.0,-1.0,1.0,-1.0,-1.0,-1.0,1.0,-1.0,1.0,1.0,1.0,-1.0,1.0,-1.0,-1.0,-1.0,-1.0,1.0,-1.0,-1.0,-1.0,-1.0
James,-1.0,-1.0,-1.0,-1.0,1.0,1.0,-1.0,-1.0,-1.0,1.0,-1.0,1.0,1.0,-1.0,-1.0,-1.0,-1.0,1.0,-1.0,-1.0,-1.0,-1.0,-1.0,1.0,-1.0,-1.0,-1.0,-1.0
Kanae Katagiri,1.0,1.0,-1.0,-1.0,-1.0,-1.0,-1.0,-1.0,1.0,-1.0,-1.0,-1.0,-1.0,-1.0,-1.0,-1.0,-1.0,1.0,-1.0,-1.0,-1.0,-1.0,-1.0,1.0,-1.0,-1.0,-1.0,-1.0
Huburt Kleich,-1.0,1.0,-1.0,-1.0,-1.0,-1.0,-1.0,-1.0,1.0,-1.0,-1.0,-1.0,1.0,-1.0,-1.0,-1.0,-1.0,1.0,-1.0,-1.0,-1.0,-1.0,-1.0,1.0,-1.0,-1.0,-1.0,-1.0
Masaki Kurosaki,1.0,-1.0,-1.0,-1.0,-1.0,-1.0,-1.0,-1.0,1.0,-1.0,-1.0,-1.0,-1.0,-1.0,-1.0,-1.0,-1.0,1.0,-1.0,-1.0,-1.0,-1.0,-1.0,1.0,-1.0,-1.0,-1.0,-1.0
Liltotto Lamperd,1.0,-1.0,1.0,-1.0,-1.0,1.0,-1.0,-1.0,-1.0,1.0,-1.0,-1.0,1.0,-1.0,-1.0,-1.0,-1.0,1.0,-1.0,-1.0,-1.0,-1.0,-1.0,1.0,-1.0,-1.0,-1.0,-1.0
Algora Lallau,-1.0,-1.0,-1.0,-1.0,-1.0,-1.0,-1.0,-1.0,1.0,-1.0,-1.0,-1.0,1.0,-1.0,-1.0,-1.0,-1.0,1.0,-1.0,-1.0,-1.0,-1.0,-1.0,1.0,-1.0,-1.0,-1.0,-1.0
Guenael Lee,-1.0,-1.0,-1.0,-1.0,1.0,-1.0,1.0,-1.0,1.0,-1.0,-1.0,-1.0,1.0,-1.0,-1.0,-1.0,-1.0,1.0,-1.0,-1.0,-1.0,-1.0,-1.0,1.0,-1.0,-1.0,-1.0,-1.0
Loyd Lloyd,-1.0,-1.0,-1.0,1.0,-1.0,-1.0,-1.0,-1.0,1.0,-1.0,-1.0,-1.0,1.0,-1.0,-1.0,-1.0,-1.0,1.0,-1.0,-1.0,-1.0,-1.0,-1.0,1.0,-1.0,-1.0,-1.0,-1.0
Royd Lloyd,-1.0,-1.0,-1.0,1.0,-1.0,-1.0,-1.0,-1.0,1.0,-1.0,-1.0,-1.0,1.0,-1.0,-1.0,-1.0,-1.0,1.0,-1.0,-1.0,-1.0,-1.0,-1.0,1.0,-1.0,-1.0,-1.0,-1.0
Mask De Masculine,-1.0,-1.0,1.0,-1.0,-1.0,-1.0,-1.0,-1.0,-1.0,1.0,-1.0,-1.0,1.0,-1.0,-1.0,-1.0,-1.0,1.0,-1.0,-1.0,-1.0,-1.0,-1.0,1.0,-1.0,-1.0,-1.0,-1.0
Meninas McAllon,1.0,-1.0,1.0,-1.0,-1.0,-1.0,-1.0,-1.0,-1.0,1.0,-1.0,-1.0,1.0,-1.0,-1.0,-1.0,-1.0,1.0,-1.0,-1.0,-1.0,-1.0,-1.0,1.0,-1.0,-1.0,-1.0,-1.0
NaNaNa Najahkoop,-1.0,-1.0,1.0,-1.0,-1.0,-1.0,-1.0,-1.0,1.0,-1.0,-1.0,-1.0,1.0,-1.0,-1.0,-1.0,-1.0,1.0,-1.0,-1.0,-1.0,-1.0,-1.0,1.0,-1.0,-1.0,-1.0,-1.0
Askin Nakk Le Vaar,-1.0,1.0,-1.0,-1.0,-1.0,-1.0,-1.0,-1.0,1.0,-1.0,-1.0,-1.0,1.0,-1.0,1.0,-1.0,-1.0,1.0,-1.0,-1.0,-1.0,-1.0,-1.0,1.0,-1.0,-1.0,-1.0,-1.0
As Nodt,-1.0,1.0,-1.0,-1.0,-1.0,-1.0,-1.0,-1.0,1.0,-1.0,-1.0,-1.0,1.0,-1.0,-1.0,-1.0,-1.0,1.0,-1.0,-1.0,-1.0,-1.0,-1.0,1.0,-1.0,-1.0,-1.0,-1.0
Quilge Opie,-1.0,-1.0,-1.0,-1.0,1.0,-1.0,-1.0,1.0,1.0,-1.0,-1.0,-1.0,1.0,-1.0,1.0,-1.0,-1.0,1.0,1.0,-1.0,-1.0,-1.0,-1.0,1.0,-1.0,-1.0,-1.0,-1.0
Pernida Parnkgjas,-1.0,-1.0,1.0,-1.0,-1.0,-1.0,1.0,-1.0,1.0,-1.0,-1.0,-1.0,1.0,-1.0,1.0,-1.0,-1.0,1.0,-1.0,-1.0,-1.0,-1.0,-1.0,1.0,-1.0,-1.0,-1.0,-1.0
Johann Seydlitz,-1.0,-1.0,-1.0,-1.0,1.0,-1.0,-1.0,-1.0,1.0,-1.0,-1.0,-1.0,1.0,-1.0,-1.0,-1.0,-1.0,1.0,-1.0,-1.0,-1.0,-1.0,-1.0,1.0,-1.0,-1.0,-1.0,-1.0
Gremmy Thoumeaux,-1.0,-1.0,1.0,-1.0,-1.0,1.0,-1.0,-1.0,1.0,-1.0,-1.0,-1.0,1.0,-1.0,-1.0,-1.0,-1.0,1.0,-1.0,-1.0,-1.0,-1.0,-1.0,1.0,-1.0,-1.0,-1.0,-1.0
Gerard Valkyrie,-1.0,-1.0,1.0,-1.0,-1.0,-1.0,-1.0,1.0,-1.0,-1.0,-1.0,-1.0,1.0,-1.0,1.0,-1.0,-1.0,1.0,-1.0,-1.0,-1.0,-1.0,-1.0,1.0,-1.0,-1.0,-1.0,-1.0
PePe Waccabrada,-1.0,-1.0,1.0,-1.0,1.0,-1.0,-1.0,-1.0,1.0,-1.0,-1.0,-1.0,1.0,-1.0,-1.0,-1.0,-1.0,1.0,-1.0,-1.0,-1.0,-1.0,-1.0,1.0,-1.0,-1.0,-1.0,-1.0
Nianzol Weizol,-1.0,1.0,-1.0,-1.0,-1.0,-1.0,-1.0,-1.0,1.0,-1.0,-1.0,-1.0,1.0,-1.0,-1.0,-1.0,-1.0,1.0,-1.0,-1.0,-1.0,-1.0,-1.0,1.0,-1.0,-1.0,-1.0,-1.0
Yhwach,-1.0,1.0,-1.0,-1.0,-1.0,-1.0,-1.0,1.0,1.0,-1.0,-1.0,-1.0,1.0,-1.0,1.0,1.0,-1.0,1.0,1.0,1.0,-1.0,-1.0,-1.0,1.0,-1.0,-1.0,-1.0,-1.0
Soul King,-1.0,-1.0,-1.0,-1.0,-1.0,-1.0,1.0,-1.0,-1.0,-1.0,-1.0,-1.0,-1.0,-1.0,1.0,-1.0,-1.0,1.0,-1.0,-1.0,-1.0,-1.0,-1.0,-1.0,-1.0,-1.0,-1.0,1.0
Mimihagi,-1.0,-1.0,-1.0,-1.0,-1.0,-1.0,1.0,-1.0,-1.0,-1.0,-1.0,-1.0,-1.0,-1.0,-1.0,-1.0,-1.0,1.0,-1.0,-1.0,-1.0,-1.0,-1.0,-1.0,-1.0,-1.0,-1.0,1.0
Kon,-1.0,-1.0,-1.0,-1.0,-1.0,1.0,1.0,-1.0,-1.0,1.0,-1.0,-1.0,-1.0,-1.0,-1.0,-1.0,1.0,-1.0,-1.0,1.0,-1.0,-1.0,-1.0,-1.0,-1.0,1.0,-1.0,-1.0
Jinta Hanakari,-1.0,-1.0,-1.0,-1.0,-1.0,1.0,-1.0,-1.0,-1.0,1.0,-1.0,-1.0,-1.0,-1.0,-1.0,-1.0,1.0,-1.0,-1.0,-1.0,1.0,1.0,-1.0,-1.0,-1.0,-1.0,-1.0,-1.0
Ururu Tsumugiya,1.0,1.0,-1.0,-1.0,-1.0,1.0,-1.0,-1.0,1.0,1.0,-1.0,-1.0,-1.0,-1.0,-1.0,-1.0,1.0,-1.0,-1.0,-1.0,1.0,1.0,-1.0,-1.0,-1.0,-1.0,-1.0,-1.0
Hyōrinmaru,-1.0,-1.0,-1.0,-1.0,-1.0,-1.0,1.0,1.0,-1.0,-1.0,-1.0,-1.0,-1.0,-1.0,-1.0,-1.0,-1.0,-1.0,-1.0,-1.0,-1.0,-1.0,-1.0,-1.0,-1.0,-1.0,1.0,-1.0
Katen Kyōkotsu,1.0,-1.0,1.0,-1.0,1.0,-1.0,-1.0,1.0,-1.0,-1.0,-1.0,-1.0,-1.0,-1.0,-1.0,-1.0,-1.0,-1.0,-1.0,-1.0,-1.0,-1.0,-1.0,-1.0,-1.0,-1.0,1.0,-1.0
Nozarashi,1.0,-1.0,-1.0,-1.0,-1.0,1.0,-1.0,1.0,-1.0,-1.0,-1.0,-1.0,-1.0,-1.0,-1.0,-1.0,-1.0,-1.0,-1.0,-1.0,-1.0,-1.0,-1.0,-1.0,-1.0,-1.0,1.0,-1.0
Zabimaru,-1.0,-1.0,-1.0,-1.0,-1.0,-1.0,1.0,-1.0,-1.0,1.0,-1.0,-1.0,-1.0,-1.0,-1.0,-1.0,-1.0,-1.0,-1.0,-1.0,-1.0,-1.0,-1.0,-1.0,-1.0,-1.0,1.0,-1.0
Zangetsu (Old Man),-1.0,-1.0,-1.0,-1.0,-1.0,-1.0,-1.0,1.0,1.0,-1.0,-1.0,-1.0,-1.0,-1.0,-1.0,-1.0,1.0,-1.0,-1.0,1.0,-1.0,-1.0,-1.0,-1.0,-1.0,-1.0,1.0,-1.0
Zangetsu (Hollow),-1.0,-1.0,-1.0,-1.0,-1.0,-1.0,1.0,1.0,1.0,1.0,-1.0,-1.0,-1.0,-1.0,-1.0,-1.0,1.0,-1.0,1.0,1.0,-1.0,-1.0,-1.0,-1.0,-1.0,-1.0,1.0,-1.0
Tatsuki Arisawa,0.7,1.0,-0.7,0.0,-1.0,-1.0,-0.7,-0.7,-1.0,0.3,-0.3,0.0,0.0,0.0,-1.0,-1.0,0.7,0.0,-1.0,-0.7,0.7,-1.0,-1.0,0.0,-0.7,-0.3,-1.0,0.0
Keigo Asano,-0.3,-1.0,-1.0,-1.0,-0.3,-0.7,-1.0,-0.3,-0.7,-1.0,0.0,-0.3,0.0,-1.0,-1.0,-1.0,0.3,-1.0,-0.7,-0.3,1.0,-0.7,-0.3,-0.7,0.0,-1.0,-0.3,-0.3
Mizuho Asano,1.0,-1.0,0.0,-1.0,0.0,-0.7,-0.3,0.0,-0.7,-0.7,-0.3,-0.7,-0.3,-0.3,-0.3,-1.0,0.0,-0.7,-1.0,-0.3,0.3,-1.0,0.0,-0.3,-0.3,-0.3,-0.7,-1.0
Oscar Joaquin,-0.3,0.3,0.3,-0.3,-1.0,-0.3,-1.0,0.0,-0.3,0.7,0.0,-0.3,-1.0,-0.3,-1.0,-1.0,1.0,0.3,0.0,1.0,0.0,0.0,-1.0,-0.7,0.0,0.0,-1.0,-1.0
Hashigami,-0.3,-0.3,0.0,0.0,-0.7,-0.3,-0.3,-0.7,-1.0,0.0,-0.7,-0.3,-1.0,-1.0,-0.3,0.0,0.0,-0.3,-0.7,0.0,0.7,0.0,-1.0,-0.7,-1.0,-1.0,-0.3,0.0
Chizuru Honsho,1.0,-1.0,-0.7,0.0,0.3,-0.3,-0.7,0.0,0.0,-1.0,-0.3,-0.3,-0.7,0.0,-1.0,-0.3,0.7,-0.7,0.0,0.0,0.3,0.0,-1.0,-0.3,0.0,-0.7,-1.0,0.0
Harutoki Ide,0.0,0.7,-0.7,-0.7,0.0,-0.3,0.0,0.0,-1.0,-0.7,-0.3,-1.0,-0.3,-0.3,-1.0,0.0,0.0,-1.0,-0.3,-0.3,0.3,0.0,-0.7,-0.7,0.0,0.0,-1.0,-0.3
Ino,0.0,0.0,-0.3,-0.7,0.7,-0.7,-1.0,-1.0,0.0,-0.7,0.0,-0.3,-0.7,-1.0,-0.3,-0.3,1.0,-0.7,-0.3,0.0,0.3,-0.3,-0.7,-0.3,-1.0,-1.0,-0.7,-0.7
Orihime Inoue,0.0,-1.0,0.0,0.0,-1.0,-0.7,-0.3,0.0,0.0,-1.0,-1.0,0.0,-0.7,-0.3,-0.3,0.0,0.0,-1.0,0.0,-0.7,0.3,-1.0,0.0,-0.3,-0.7,-1.0,-1.0,-0.3
Kagine,-0.3,0.7,0.0,-1.0,-0.3,-0.7,-0.3,-0.3,0.0,0.0,-1.0,0.0,0.0,0.0,-0.3,-0.7,1.0,-0.7,-1.0,-0.3,0.7,-1.0,-0.7,-0.3,-1.0,0.0,-0.7,-0.7
Kaneda,-1.0,0.7,-1.0,0.0,-0.7,-0.7,0.0,-0.3,-0.3,0.0,-0.3,-0.3,-1.0,-0.3,-0.7,-0.3,1.0,0.0,0.0,-1.0,0.7,-0.3,-0.3,-0.3,-0.7,0.0,-1.0,0.0
Don Kanonji,-0.7,1.0,0.7,-1.0,0.7,-0.7,-1.0,-0.7,0.7,-1.0,-0.7,-0.7,-0.7,-0.3,0.7,-1.0,1.0,-1.0,-1.0,0.0,0.7,-0.7,0.0,-1.0,-0.7,-0.7,-0.3,-1.0
Mizuiro Kojima,-0.7,0.0,-0.3,-0.3,0.0,-0.7,-0.3,0.0,-0.3,-0.3,-0.3,-1.0,0.0,-0.7,0.0,-1.0,0.7,-0.3,-0.7,-0.3,1.0,-1.0,-0.7,0.0,-0.7,-1.0,-1.0,0.0
Ryo Kunieda,1.0,1.0,-0.7,0.0,-1.0,-1.0,-0.7,0.0,-1.0,-0.7,-1.0,0.0,-1.0,-0.3,0.0,-1.0,1.0,0.0,-0.3,-0.7,0.7,-1.0,-0.7,-0.3,-0.3,-0.3,-0.3,-0.3
Ichigo Kurosaki,-0.3,0.0,-1.0,-1.0,-0.3,0.0,0.0,0.7,-1.0,0.0,-0.7,0.0,-0.7,1.0,0.3,0.0,0.7,-0.7,-0.7,-0.3,0.7,-0.3,0.7,-1.0,-0.3,0.0,-0.7,-0.7
Karin Kurosaki,0.0,0.7,-0.3,-0.7,0.0,0.3,-1.0,-0.7,-0.3,0.3,-1.0,-1.0,-1.0,0.0,-0.7,-0.3,0.7,-0.3,-0.3,-0.7,0.0,0.0,-0.3,0.0,-1.0,-1.0,-0.3,0.0
Kazui Kurosaki,-0.3,0.0,0.0,-1.0,-0.7,0.0,0.0,-0.3,-1.0,-0.7,-0.3,0.0,-0.7,-0.3,0.0,-0.3,-1.0,0.0,-0.3,-0.7,1.0,0.0,0.3,-0.7,-0.3,-0.3,-1.0,-1.0
Yuzu Kurosaki,0.3,-0.3,-0.7,-1.0,0.0,0.0,-1.0,-1.0,0.0,0.0,-1.0,-0.7,-0.3,0.0,0.0,-0.7,0.0,-0.3,-0.7,-0.3,0.0,0.0,-0.3,-0.7,0.0,-0.3,-0.7,-0.7
Mahana Natsui,1.0,-0.3,-1.0,-1.0,-0.3,-1.0,-0.7,-1.0,0.0,0.0,-0.3,-0.7,0.0,-0.3,-1.0,-1.0,1.0,0.0,-0.3,-0.7,0.7,0.0,-1.0,0.0,-0.7,-0.3,0.0,-0.3
Misato Ochi,1.0,-0.3,-0.7,-1.0,1.0,-0.3,-0.7,-0.7,-0.7,-0.7,0.0,-0.7,-0.7,0.0,-1.0,0.0,1.0,-0.3,-1.0,-1.0,1.0,0.0,-0.3,-0.3,-1.0,0.0,-0.7,-0.7
Michiru Ogawa,1.0,-1.0,-0.7,-0.3,-0.7,-1.0,-0.3,-1.0,-0.7,0.0,0.0,0.0,-0.7,0.0,-0.3,-0.3,0.7,0.0,-0.3,0.0,1.0,-1.0,-0.3,0.0,0.0,-1.0,0.0,-0.7
Reiichi Oshima,0.0,-0.3,0.0,0.0,-0.7,-1.0,-0.7,-0.7,0.0,0.7,-0.3,-0.7,-0.3,-0.3,0.0,-1.0,1.0,-0.7,0.0,-0.3,1.0,-0.7,-0.3,0.0,-1.0,-0.3,0.0,-1.0
Gitano Shigeo,-0.7,0.0,0.0,-0.3,-0.7,-0.3,-0.7,0.0,0.0,0.7,-0.7,-0.7,-1.0,-0.7,0.0,-0.7,0.0,-0.3,0.0,-0.3,0.3,-0.3,-0.3,-0.7,-0.3,-0.7,-0.7,-1.0
Keiske Sorimachi,-1.0,0.7,-1.0,-0.7,-1.0,-0.7,0.0,0.0,0.0,-0.3,0.0,-0.3,-0.7,-1.0,0.0,-0.3,1.0,-1.0,-0.7,-0.7,0.3,-0.3,-0.7,0.0,-0.3,-0.3,-1.0,-0.3
Ikumi Unagiya,0.7,1.0,0.3,-0.7,-0.7,-0.7,-0.3,0.0,-0.7,0.3,-1.0,-0.3,-1.0,0.0,0.3,-1.0,-1.0,-0.3,-1.0,0.7,0.0,-0.7,0.0,-1.0,0.0,-1.0,-0.7,0.0
Kaoru Unagiya,-0.3,0.0,0.0,0.0,-0.3,0.3,-0.7,-0.3,-1.0,-0.7,0.0,0.0,0.0,0.0,-0.7,-0.3,-0.7,-1.0,-1.0,-0.3,1.0,-0.7,-0.3,-1.0,-1.0,-1.0,-0.7,-1.0
Yokochini,0.0,-0.7,-0.3,-1.0,0.0,-1.0,-1.0,-0.3,0.0,0.0,0.0,-0.7,-0.7,-0.7,-0.7,-1.0,0.3,-1.0,-1.0,-1.0,0.0,0.0,-0.3,-0.3,0.0,0.0,0.0,-0.3
Riruka Dokugamine,0.0,0.0,0.0,-0.3,-0.3,0.0,-1.0,0.0,0.3,-0.7,-0.7,-1.0,-0.7,1.0,-0.7,-0.3,-1.0,-0.3,0.0,-1.0,0.0,-0.3,0.0,-0.3,-0.3,0.0,0.0,-1.0
Kugo Ginjo,0.0,1.0,-0.7,-0.7,0.0,-0.7,-1.0,0.7,0.0,0.0,0.0,-0.7,-0.7,0.0,0.0,0.0,0.0,0.0,1.0,0.7,0.3,-0.7,0.0,-0.7,-0.7,-0.3,-0.3,-1.0
Giriko Kutsuzawa,-1.0,0.3,-0.7,-0.3,1.0,-0.7,-0.3,0.0,-0.3,-0.3,0.0,0.0,-0.3,0.3,-1.0,-1.0,-1.0,0.0,0.0,-0.7,0.7,0.0,0.0,-0.7,-0.7,0.0,-1.0,-0.3
Yasutora Sado,-0.3,0.7,-0.7,-1.0,-0.7,-1.0,0.0,-0.7,-0.7,0.3,-1.0,-0.7,0.0,0.0,-0.3,-1.0,0.7,0.0,-0.7,0.0,0.3,0.0,-0.7,0.0,-1.0,0.0,-0.7,-0.7
Moe Shishigawara,-0.3,0.3,-0.7,-1.0,-0.7,-1.0,-0.7,-1.0,-1.0,1.0,0.0,0.0,0.0,0.7,0.0,-1.0,-0.7,0.0,0.3,-0.3,0.7,-0.3,-0.7,-0.3,-1.0,-0.7,-1.0,-1.0
Shukuro Tsukishima,-1.0,0.0,0.0,-0.7,-1.0,-0.7,-1.0,0.7,-0.3,0.0,-1.0,0.0,-0.3,0.3,0.7,-0.3,0.0,0.0,0.3,-1.0,0.7,-0.3,-0.7,-1.0,-0.3,0.0,-0.3,-1.0
Yukio,0.0,-0.3,0.0,-0.7,0.0,0.7,-1.0,-0.7,0.7,0.0,0.7,-0.7,-1.0,1.0,-1.0,-1.0,0.0,-0.3,1.0,0.0,0.3,-0.3,-0.3,-1.0,-0.3,-0.7,0.0,0.0
Jackie Tristan,0.0,1.0,-0.7,-0.7,-0.3,0.0,-0.3,0.0,-0.3,0.7,-0.3,-1.0,0.0,1.0,-0.7,0.0,-0.7,1.0,0.7,-0.3,1.0,0.0,-0.3,-1.0,-0.7,-1.0,-0.3,-0.3
Ichika Abarai,0.7,0.0,-1.0,-0.7,0.0,0.0,-0.7,0.0,-0.7,-0.7,-0.7,0.0,0.3,-0.3,-1.0,0.0,-0.3,0.0,-0.3,-0.7,-0.3,-0.7,0.3,-1.0,-0.7,-1.0,-0.7,-0.7
Akon,-0.7,0.7,-0.3,-0.3,0.0,-0.7,-0.7,0.3,-1.0,-0.3,-1.0,0.0,0.3,-0.7,0.0,0.0,-0.3,-1.0,-0.3,-0.3,-0.3,0.0,0.7,-0.7,0.0,-1.0,0.0,-0.3
Makizo Aramaki,-0.7,0.0,0.0,0.0,-0.7,-0.7,-0.7,1.0,0.0,0.0,0.0,-0.7,0.0,-1.0,-1.0,-1.0,-1.0,-0.7,-1.0,-0.7,-1.0,-0.7,0.0,0.0,-1.0,0.0,-0.3,0.0
Yumichika Ayasegawa,-0.7,0.0,-1.0,-0.3,0.0,-0.3,-0.3,0.0,-1.0,0.0,0.0,-0.3,0.3,-0.7,-0.7,0.0,-0.7,-1.0,-0.3,0.0,-0.7,0.0,0.0,-1.0,-0.7,-0.3,-0.7,-0.7
Shinobu Eishima,0.0,-0.3,-1.0,0.0,-0.3,-0.7,-0.7,0.3,-0.7,-1.0,-0.7,-1.0,0.3,0.0,-0.7,-0.3,0.0,-0.3,0.0,-0.7,0.0,-0.7,0.0,-0.3,-0.7,-0.7,-0.3,-0.7
Tatsufusa Enjoji,-1.0,-1.0,-0.7,-1.0,-0.7,-0.3,-0.3,0.0,-1.0,-0.7,0.0,-0.7,0.0,-0.3,0.0,-0.7,0.0,-1.0,-0.3,-1.0,-1.0,-0.7,0.7,-1.0,-0.7,-0.3,-0.3,-0.3
Taketsuna Gori,-1.0,0.3,-0.7,-0.3,0.7,0.0,-0.3,1.0,-1.0,0.0,-1.0,-0.7,0.7,-1.0,-0.7,0.0,-0.3,-1.0,0.0,-0.3,-0.7,0.0,0.0,-0.7,-0.7,-0.3,0.0,-1.0
Goteitaishi,0.0,0.7,-0.3,-0.7,0.0,-1.0,-1.0,1.0,-0.3,-0.3,-0.3,-0.7,0.0,-1.0,-0.3,0.0,-1.0,0.0,-0.7,0.0,-1.0,-0.7,0.7,-0.7,-0.3,-1.0,-0.3,-1.0
Kirio Hikifune,1.0,-0.3,-0.7,-0.3,0.0,-1.0,-1.0,0.7,-0.3,-0.7,-0.3,-1.0,1.0,-0.3,0.7,-1.0,-0.3,-0.7,-1.0,1.0,0.0,-0.7,0.3,-0.3,-0.7,-1.0,-0.7,-0.7
Momo Hinamori,0.7,1.0,-0.7,-0.3,-0.3,0.0,-0.7,0.0,-0.3,0.0,-0.7,-0.3,0.7,-1.0,-1.0,0.0,0.0,0.0,-0.3,-0.7,0.0,-0.3,0.3,-1.0,0.0,0.0,0.0,-1.0
Shuhei Hisagi,-1.0,1.0,-1.0,0.0,0.0,-0.3,0.0,0.7,-1.0,-0.3,-0.3,0.0,0.7,-0.7,-0.7,0.0,0.7,-1.0,-0.3,-1.0,-0.7,-1.0,1.0,-0.3,0.0,0.0,-1.0,0.0
Hiyosu,-0.3,-1.0,-0.3,-0.3,1.0,-0.7,1.0,-1.0,-0.7,0.0,0.0,-0.3,0.7,0.0,-0.3,-1.0,-0.7,0.0,0.0,0.0,-0.3,-0.7,0.7,0.0,0.0,-0.7,-1.0,-1.0
Ichibe Hyosube,0.0,0.7,-0.7,-1.0,-0.7,-1.0,-0.7,1.0,0.0,-0.7,-0.3,-0.7,1.0,-0.3,0.0,-0.7,-0.7,-1.0,0.0,0.7,-0.3,-0.7,1.0,-0.3,0.0,-1.0,-0.3,-0.3
Chikane Iba,0.3,0.0,-1.0,-1.0,-0.7,-0.3,-0.7,0.3,-0.3,-0.3,0.0,-0.3,0.0,-0.7,-0.7,-0.7,-0.7,-0.7,-1.0,-0.3,-0.7,-0.3,0.0,-1.0,-0.3,-0.7,-1.0,-0.7
Tetsuzaemon Iba,0.0,0.7,0.0,-1.0,0.7,-0.3,-0.7,1.0,-1.0,-0.3,-0.3,0.0,1.0,0.0,0.0,-0.3,0.0,-0.7,-0.3,0.0,0.0,-0.3,1.0,0.0,-0.3,0.0,-1.0,-1.0
Yasochika Iemura,-0.3,0.0,-0.3,0.0,0.7,-0.3,0.0,0.0,0.0,-0.3,-0.7,1.0,0.0,-0.7,-0.7,-0.7,-0.3,0.0,0.0,-0.3,-0.7,0.0,1.0,0.0,-0.7,-0.3,0.0,-0.7
Jirobo Ikkanzaka,-0.3,0.0,-0.3,-1.0,-1.0,-1.0,0.0,-0.3,0.0,-1.0,-1.0,0.0,0.0,0.0,-0.3,0.0,-1.0,-0.3,0.0,-0.3,0.0,-0.7,1.0,-0.3,-0.7,0.0,-0.7,0.0
Nanao Ise,1.0,0.0,0.0,-1.0,1.0,-0.3,-1.0,0.0,-1.0,-0.3,-1.0,-0.3,0.3,-0.3,1.0,0.0,1.0,-0.7,0.0,-0.7,0.0,0.0,0.7,-0.3,-1.0,-0.3,-1.0,0.0
Kinroku Izuhara,0.0,1.0,0.0,-0.7,0.0,-0.3,-0.3,0.3,0.0,-0.7,0.0,-1.0,1.0,0.0,-1.0,-0.3,-0.3,-0.7,-0.7,-0.3,0.0,-0.3,0.0,-1.0,-1.0,-0.3,-1.0,-1.0
Hidetomo Kajomaru,-0.3,-1.0,0.0,-0.7,0.0,-0.3,-0.3,0.7,0.0,-0.7,-0.3,-1.0,0.0,-1.0,-0.3,-0.7,-1.0,1.0,-1.0,-0.7,-0.7,0.0,0.7,-1.0,-1.0,-0.3,-0.7,-0.3
Kakyo,0.7,0.7,-1.0,-0.3,-0.7,-0.7,-0.3,-1.0,-0.7,-0.7,-1.0,-1.0,-1.0,0.0,-0.7,0.0,-0.3,0.7,-0.7,-1.0,-0.7,-1.0,0.7,-1.0,-0.3,-1.0,-0.7,0.0
Heizo Kasaki,-0.3,-0.3,-0.3,-0.3,-1.0,-0.3,-1.0,0.3,-1.0,-0.3,-0.7,-0.3,0.0,-1.0,-0.3,0.0,-0.3,0.0,-1.0,-1.0,-1.0,-0.7,0.3,-0.7,-1.0,0.0,0.0,0.0
Asuka Katakura,-0.3,1.0,-0.7,-0.3,-0.3,-0.7,0.0,1.0,-0.3,-0.3,-1.0,0.0,0.7,-0.3,-1.0,-0.7,-1.0,0.0,-1.0,-0.7,-1.0,-1.0,0.3,-0.3,-1.0,-0.7,-1.0,-0.3
Batsu'unsai Katori,1.0,0.7,-1.0,0.0,0.3,-0.7,-0.3,0.3,-1.0,0.0,-1.0,-1.0,0.3,0.0,-0.3,-0.3,-0.3,0.7,-0.3,-0.3,0.0,-1.0,1.0,-1.0,0.0,-0.7,-0.7,-0.7
Kenpachi Kiganjo,-0.3,0.0,-1.0,1.0,0.0,0.0,-0.7,1.0,0.0,-0.7,-1.0,-0.7,1.0,-0.3,0.3,-1.0,0.0,0.0,-1.0,-0.3,-1.0,-1.0,0.7,-1.0,-0.7,-0.7,0.0,-0.3
Izuru Kira,0.0,0.0,-0.7,0.0,-0.3,0.0,-1.0,0.3,0.0,-0.7,-0.3,-0.3,0.3,-0.3,0.0,-0.7,0.0,-1.0,-0.7,-0.7,-1.0,0.0,1.0,-1.0,-0.7,-0.3,-1.0,-1.0
Tenjiro Kirinji,-0.3,0.7,-0.3,-1.0,-1.0,-0.3,-0.3,1.0,-0.7,0.0,-1.0,0.0,0.0,-0.7,0.7,-1.0,-0.7,-1.0,-0.3,0.3,-0.7,-1.0,0.3,-0.7,-0.3,0.0,-0.3,-0.3
Isane Kotetsu,0.3,-1.0,-0.7,-0.3,0.0,-1.0,-0.3,1.0,-0.3,-0.7,-0.3,0.0,0.3,-1.0,0.3,-0.3,1.0,0.0,0.0,-0.3,-1.0,-0.7,1.0,-0.7,-1.0,-0.7,-1.0,-1.0
Kiyone Kotetsu,1.0,-0.3,0.0,-0.3,0.0,-0.7,-1.0,0.0,-1.0,-0.3,0.0,0.0,0.7,0.0,-1.0,-1.0,1.0,-0.3,-0.7,-0.7,-1.0,-0.7,1.0,-0.3,-0.7,-0.7,-0.7,0.0
Jinemon Kotsubaki,-0.7,1.0,-0.7,0.0,-0.7,-0.7,-1.0,0.3,-1.0,-1.0,-0.7,0.0,0.3,0.0,-0.7,-0.7,-1.0,0.0,-0.7,-0.3,-1.0,0.0,1.0,-0.3,0.0,0.0,-0.7,-0.7
Sentaro Kotsubaki,-0.3,0.7,-1.0,-0.7,-0.7,-0.7,0.0,0.0,0.0,0.0,0.0,-0.7,1.0,-0.3,0.0,0.0,0.7,-0.7,-1.0,0.0,0.0,-0.7,0.7,-0.3,-0.3,0.0,-0.7,-0.7
Ginrei Kuchiki,-1.0,0.0,-0.3,-0.3,-0.7,-1.0,-0.3,0.0,-0.3,-0.3,-0.3,-0.3,0.7,0.0,1.0,0.3,0.0,-0.7,-0.3,0.7,-0.7,-0.7,0.7,-1.0,-0.7,-1.0,0.0,-1.0
Sojun Kuchiki,0.0,0.3,-0.3,-1.0,0.0,0.0,0.0,0.3,-0.3,-1.0,-0.7,-0.3,0.7,-0.7,-1.0,0.3,-0.3,0.7,-1.0,-1.0,-0.7,0.0,0.7,-1.0,-0.3,-0.3,0.0,0.0
Entetsu Kumoi,-0.3,-0.7,-0.7,-1.0,0.0,-0.3,-0.7,0.7,-0.3,-1.0,-1.0,-0.3,1.0,-0.3,0.0,-0.3,0.0,0.3,0.0,-0.7,-0.7,-0.7,0.7,-0.3,-0.3,-0.3,-0.3,-0.3
Niko Kuna,0.3,-1.0,-0.3,-0.3,0.7,0.7,-1.0,0.3,-0.7,-0.7,-0.7,-0.3,0.0,-0.7,-0.7,-1.0,-1.0,-0.3,0.0,-0.7,0.0,-0.3,1.0,-0.7,-0.7,-0.3,0.0,-1.0
Isshin Kurosaki,-0.3,0.3,-1.0,0.0,-1.0,0.0,-0.3,1.0,-0.7,-0.3,0.0,-1.0,1.0,-0.3,1.0,-0.3,-0.7,-0.7,-0.7,0.0,-0.7,0.0,0.0,-0.7,-1.0,-0.7,0.0,-0.7
Zennosuke Kurumadani,-0.3,0.3,-1.0,-1.0,0.0,-0.7,0.0,0.0,-0.3,-1.0,0.0,0.0,0.0,-1.0,-1.0,-0.3,1.0,0.0,-0.3,-0.7,-0.3,-0.3,0.0,-0.7,0.0,0.0,-0.7,-0.3
Yachiru Kusajishi,0.7,-1.0,-0.7,-0.3,-1.0,1.0,-0.7,1.0,-1.0,0.0,-0.7,0.0,0.7,-0.3,-0.3,-0.7,1.0,-0.7,-0.7,-1.0,-0.7,-0.3,0.0,0.0,-0.7,-0.3,0.0,-0.7
Shunzan Kyoraku,-0.3,1.0,-1.0,-0.7,0.0,-1.0,-0.7,0.7,-0.7,0.0,0.0,-0.3,1.0,-1.0,-0.3,1.0,0.0,-0.7,0.0,-1.0,-0.3,-1.0,1.0,-0.3,-1.0,-0.3,-0.7,-0.7
Ikkaku Madarame,-0.7,-0.3,-0.7,-0.7,-0.3,-1.0,-0.7,0.7,0.0,0.0,0.0,-0.3,0.0,-1.0,-0.3,-0.7,0.7,-0.7,1.0,0.0,0.0,-1.0,0.3,-0.3,-0.7,0.0,-1.0,-0.3
Shino Madarame,0.3,0.0,1.0,0.0,-0.3,0.0,-0.3,0.0,0.0,0.0,-0.3,-0.3,0.0,-0.7,-0.7,-0.7,-1.0,0.0,-0.3,-0.3,-0.7,-0.7,0.7,-0.3,0.0,-1.0,-0.7,-0.3
Oetsu Nimaiya,-1.0,-1.0,-0.3,-0.3,0.3,0.0,-0.3,1.0,-1.0,0.0,-0.7,-0.3,0.3,-1.0,0.7,-1.0,-1.0,-1.0,-0.7,0.3,0.0,-0.3,0.3,-1.0,-0.7,-0.7,-1.0,0.0
Danjirō Obana,-0.7,0.0,-0.3,-1.0,0.0,-0.3,-1.0,0.0,-0.7,0.0,0.0,-0.7,0.3,-1.0,-0.3,-0.7,-0.3,0.7,-1.0,-0.7,-1.0,-0.3,1.0,0.0,0.0,-0.3,-0.3,0.0
Harunobu Ogido,-0.7,0.3,-0.7,-0.3,-0.7,-1.0,0.0,0.7,-0.7,-1.0,-1.0,1.0,1.0,0.0,-0.7,0.0,-0.7,-0.7,-0.3,-0.7,0.0,-1.0,0.7,-0.7,0.0,-0.3,0.0,0.0
Genshiro Okikiba,-0.7,-0.7,-0.7,-0.3,-1.0,0.0,0.0,0.3,-0.3,-1.0,-1.0,0.0,0.0,0.0,-0.7,0.0,-0.7,0.0,-0.7,-0.7,-0.3,-0.3,0.7,-1.0,0.0,-0.7,-0.7,0.0
Atau Rindo,0.0,0.3,-0.3,-1.0,-1.0,-1.0,-0.3,1.0,0.0,-0.7,-1.0,-0.7,0.7,-1.0,0.0,-0.7,-0.3,-0.7,-0.7,-1.0,0.0,-0.3,0.0,-0.3,0.0,-0.7,-1.0,0.0
Furofushi Saito,0.0,-0.7,-0.3,-0.7,1.0,-1.0,-0.7,0.7,0.0,-1.0,-0.7,-1.0,0.3,-0.3,-0.3,-1.0,0.0,1.0,0.0,-0.7,-1.0,0.0,0.3,-0.7,-0.7,0.0,0.0,-1.0
Saizo Sakahone,-0.7,0.0,-0.3,-0.3,0.0,0.0,0.7,1.0,-0.7,-0.7,0.0,-1.0,0.7,-1.0,-1.0,0.0,0.0,0.0,-1.0,0.0,-1.0,-1.0,1.0,-0.3,-1.0,-0.7,-0.3,-0.7
Chojiro Sasakibe,0.0,0.0,-1.0,-0.3,-0.3,-1.0,-1.0,1.0,-1.0,-0.3,-1.0,-0.3,0.3,0.0,0.0,-0.7,0.3,0.0,0.0,-1.0,0.0,0.0,0.0,-0.7,-1.0,-0.3,-0.7,-1.0
Kaien Shiba,0.0,1.0,0.0,0.0,-1.0,-1.0,-0.7,0.0,-1.0,-0.7,-1.0,-0.3,0.3,0.0,-0.7,1.0,0.7,0.3,-0.7,-1.0,-0.3,-0.3,1.0,-1.0,-0.3,-0.7,-1.0,-0.7
Miyako Shiba,0.7,0.3,0.0,-0.7,-1.0,-1.0,-1.0,1.0,-1.0,0.0,-0.3,-1.0,0.7,-1.0,-1.0,0.3,-1.0,0.7,-0.7,-0.7,-0.7,-1.0,1.0,-0.3,-1.0,-0.7,-0.7,-1.0
Nobutsuna Shigyo,0.0,0.3,-0.3,0.7,-0.3,0.0,-0.7,0.7,-0.7,0.0,0.0,-0.3,0.3,-0.7,-0.3,0.0,-0.7,0.7,0.0,-1.0,-0.7,-1.0,0.3,0.0,-0.3,-0.7,-1.0,-0.7
Chika Shihoin,-0.3,1.0,-0.3,0.0,0.0,-1.0,-0.7,0.3,-0.3,-0.3,0.0,-0.7,1.0,0.0,0.0,0.0,-1.0,0.7,0.0,0.0,0.0,0.0,1.0,-1.0,-1.0,-0.7,-1.0,-1.0
Chigiri Shijima,-0.7,-0.7,-0.3,-1.0,0.0,-0.7,0.0,0.0,-0.3,-0.7,0.0,0.0,0.0,-0.7,-1.0,-1.0,0.0,1.0,-0.7,-0.7,-0.3,0.0,0.3,-0.3,-1.0,-0.3,-1.0,-0.3
Senjumaru Shutara,0.3,1.0,-0.3,-0.3,-0.3,-1.0,0.0,0.3,-1.0,0.0,-0.3,-0.7,0.3,-0.7,1.0,0.0,-0.3,-0.3,0.0,1.0,-1.0,-0.3,0.3,-1.0,-0.7,-0.3,0.0,-0.3
Sui-Feng,0.3,1.0,0.0,0.0,0.0,-0.7,-1.0,1.0,0.0,-0.3,-0.3,0.0,0.0,-0.3,0.3,-1.0,0.0,-1.0,-0.3,-1.0,0.0,-1.0,0.7,-0.7,-0.3,-0.7,-0.3,-0.7
Kokichiro Takezoe,-1.0,0.0,-1.0,-0.7,-0.7,-1.0,0.0,0.3,0.0,0.0,-0.7,-0.7,0.3,-0.3,0.0,-0.3,-0.7,-0.7,-1.0,0.0,-1.0,-1.0,0.7,-0.3,-0.7,-1.0,0.0,-0.3
Izaemon Todo,-0.7,0.3,0.3,0.0,-0.3,-0.7,-0.7,1.0,-0.3,-0.7,-1.0,-0.7,0.3,-0.7,-0.7,-1.0,-0.3,-1.0,-0.7,0.0,-0.7,-0.7,0.7,-0.7,-0.3,0.0,0.0,0.0
Riku Togakushi,0.0,-0.7,-1.0,-1.0,-0.3,-0.7,-0.3,0.7,-1.0,-0.7,-1.0,-0.3,0.7,-0.3,0.0,-1.0,-0.3,1.0,-1.0,-1.0,-1.0,0.0,1.0,0.0,-0.3,-0.7,-0.7,-0.3
Rin Tsubokura,0.7,-0.3,-1.0,-0.3,-1.0,0.0,-0.3,0.3,-1.0,0.0,-1.0,-1.0,0.7,-0.3,-1.0,-0.3,1.0,-0.3,-1.0,0.0,-0.7,-0.3,1.0,-0.3,-1.0,-0.7,-0.3,0.0
Tessai Tsukabishi,-1.0,1.0,-1.0,-0.3,1.0,-0.3,-0.7,-0.3,-0.3,1.0,0.0,0.7,1.0,-0.7,1.0,0.0,0.0,0.0,-0.3,1.0,-1.0,-0.7,0.0,-0.7,-0.7,-1.0,-1.0,0.0
Toshimori Umesada,-1.0,0.7,-0.7,0.0,-0.3,-0.7,-1.0,0.3,-0.7,-0.7,0.0,-0.3,0.3,-1.0,-0.3,-1.0,0.0,-1.0,-0.7,-0.3,-0.7,-0.3,0.0,-1.0,-0.7,0.0,-1.0,-0.7
Retsu Unohana,0.3,0.7,0.0,-1.0,0.0,-0.3,-0.7,0.3,0.0,0.0,0.0,0.7,0.3,0.0,0.3,0.0,1.0,0.7,-0.3,0.3,-1.0,-1.0,0.0,-0.3,-0.7,-0.3,-0.3,-1.0
Hanataro Yamada,-0.3,1.0,-0.3,-0.3,0.0,0.0,0.0,0.0,-1.0,-1.0,-0.3,0.3,1.0,-1.0,0.0,0.0,0.3,-0.3,-1.0,-0.7,-0.7,-0.7,0.7,-1.0,-0.3,-1.0,-0.7,-0.7
Seinosuke Yamada,-0.7,0.3,-1.0,-0.3,-0.7,-1.0,-0.3,0.7,-0.7,0.0,-0.3,0.3,0.3,-0.3,-0.7,-0.7,-0.7,-0.7,0.0,-0.7,-0.7,-1.0,1.0,-1.0,-1.0,-0.7,0.0,-1.0
Yuyu Yayahara,0.7,-0.3,-0.3,-0.7,-0.7,-1.0,-0.7,-0.7,0.0,1.0,-0.3,0.0,0.7,-1.0,-0.7,-0.3,-0.3,-0.3,-0.3,-0.3,-0.7,0.0,0.3,0.0,-1.0,-0.3,-0.7,0.0
Rikichi Yuki,-0.7,1.0,-0.3,-1.0,0.0,-0.3,-1.0,0.7,0.0,-0.7,-0.7,-1.0,0.3,0.0,-1.0,-1.0,1.0,-1.0,-0.3,0.0,-1.0,0.0,0.3,-0.3,-0.7,-1.0,-0.7,0.0
Ryunosuke Yuki,-1.0,0.0,0.0,-0.3,-1.0,-1.0,-0.3,0.3,-0.3,-1.0,-1.0,-1.0,0.3,0.0,-0.3,-1.0,-0.3,-1.0,0.0,-0.3,-1.0,-0.7,0.0,-0.3,-1.0,-0.3,-1.0,-1.0
Uhin Zenjoji,-0.7,0.7,0.0,-1.0,-0.3,-1.0,0.0,0.7,-0.7,0.0,-0.7,-1.0,0.3,-0.3,-0.3,-0.3,0.0,-1.0,-1.0,0.0,0.0,0.0,1.0,-1.0,0.0,-1.0,-0.3,-1.0
Loly Aivirrne,1.0,0.7,-0.7,-1.0,0.0,-0.3,-0.7,1.0,-0.7,0.0,0.0,0.0,0.0,-1.0,0.0,-0.7,1.0,-0.3,-0.3,-0.7,0.0,-0.3,-0.7,-0.7,0.0,-0.3,-1.0,0.0
Luppi Antenor,-0.7,0.0,0.0,-0.3,-0.7,-0.3,-0.7,1.0,-0.3,0.0,-0.7,-0.7,0.0,-1.0,0.0,-0.3,0.0,0.7,-0.3,-1.0,-0.7,-0.3,-1.0,-1.0,1.0,-0.7,0.0,-0.3
Emilou Apacci,0.3,0.0,0.0,-0.3,-0.7,-0.3,0.0,0.3,-1.0,-1.0,-0.3,-1.0,0.0,-0.3,-0.3,-0.7,0.0,0.0,0.0,-0.7,-0.3,-0.7,-1.0,-0.7,0.7,-0.7,-0.7,0.0
Aaroniero Arruruerie,-0.7,-0.7,0.7,-0.3,0.0,-0.3,0.7,0.0,-0.3,-0.3,0.0,-1.0,0.3,-0.3,1.0,0.0,1.0,1.0,-1.0,-1.0,-0.3,-0.3,-1.0,-0.3,1.0,-0.3,-1.0,-0.7
Dondochakka,0.0,-1.0,0.3,-0.3,-0.3,0.0,0.3,-1.0,-0.7,0.0,-1.0,-1.0,0.0,-1.0,0.0,-0.3,0.0,0.0,0.0,-0.7,-0.7,-0.7,0.0,-1.0,0.0,0.0,0.0,-1.0
Findorr Calius,0.0,-0.3,0.0,-0.7,0.7,-0.3,-1.0,1.0,-0.7,-0.3,-1.0,0.0,1.0,0.0,-1.0,-0.3,0.0,0.3,-0.7,-0.3,-0.3,-0.7,-1.0,-0.7,0.0,-1.0,-0.7,-0.3
Rudbornn Chelute,-0.3,-1.0,0.3,0.0,-0.7,0.0,0.3,0.3,-0.7,-0.3,0.0,-0.3,0.0,-1.0,0.0,-0.7,0.0,0.0,-1.0,-0.7,-0.3,-0.3,0.0,0.0,0.0,0.0,-0.3,0.0
Charlotte,0.0,-1.0,-0.3,-0.3,-1.0,-0.7,-1.0,1.0,-0.3,-0.3,-1.0,-1.0,0.3,0.0,-0.3,0.0,0.0,1.0,-1.0,-0.3,-0.3,-1.0,-1.0,-1.0,0.0,-1.0,-1.0,-1.0
Ulquiorra Cifer,0.0,0.3,0.0,0.3,-1.0,-0.7,-1.0,1.0,-1.0,-0.7,-0.3,-1.0,0.7,-0.7,0.3,0.0,0.7,1.0,0.0,-0.3,-0.7,-0.3,0.0,-1.0,1.0,-1.0,-1.0,-1.0
Dordoni,-0.7,0.7,0.0,-0.7,0.0,-1.0,-1.0,0.7,0.0,-1.0,0.0,-1.0,1.0,-0.7,-0.7,-1.0,0.3,0.7,0.0,-0.3,-0.7,0.0,-1.0,0.0,0.0,0.0,0.0,-0.3
Asguiaro Ebern,0.0,-0.3,0.0,-0.3,-0.7,-0.3,-0.7,-1.0,0.7,0.0,-1.0,0.0,0.3,-1.0,-0.7,-1.0,-0.7,0.7,-0.3,-1.0,-0.7,-0.7,-0.3,1.0,0.3,-0.3,-0.3,-0.3
Luders Friegen,-0.7,-0.3,-0.3,-1.0,0.0,0.0,-0.3,-0.3,0.0,0.0,0.0,-1.0,0.0,-0.3,0.0,0.0,-0.3,0.0,-0.3,-0.7,-0.3,-0.3,0.0,-1.0,0.7,-1.0,-0.7,-0.3
Nnoitra Gilga,-1.0,0.3,-0.3,0.0,1.0,-0.7,0.0,0.3,0.0,0.0,-0.7,0.0,0.3,-0.7,0.0,-0.3,0.0,1.0,1.0,-0.7,0.0,-1.0,0.0,-0.7,0.3,-0.7,-1.0,-0.3
Lilynette Gingerbuck,0.0,-0.7,0.3,-0.3,0.7,1.0,-0.3,0.3,0.7,-1.0,-0.7,-0.7,0.7,-1.0,1.0,-0.3,0.7,0.7,-1.0,-0.7,-0.7,0.0,0.0,-0.7,0.0,0.0,-0.7,-0.7
Szayelaporro Granz,-0.3,-0.3,-0.3,0.0,0.7,-0.7,-1.0,0.7,-0.7,0.0,-0.3,0.0,0.7,-0.7,1.0,-1.0,1.0,0.7,-0.3,-1.0,-0.3,-1.0,-1.0,-0.7,1.0,-0.7,-0.7,-0.7
Yylfordt Granz,-0.7,-0.7,-0.3,-1.0,0.0,-1.0,0.0,0.7,-0.7,-0.3,-1.0,-0.7,0.7,-0.3,-0.3,0.0,0.3,0.0,-0.7,-1.0,-0.7,-0.7,-0.3,-0.3,1.0,-0.7,-0.7,-1.0
Nakeem Grindina,-1.0,0.0,0.3,0.3,-0.3,0.0,-1.0,-1.0,-0.7,0.0,-0.7,-1.0,1.0,-0.3,-1.0,-1.0,0.7,0.3,-0.7,-0.3,0.0,-0.7,-0.7,-0.7,0.7,0.0,0.0,-1.0
Pesche Guatiche,-1.0,-1.0,1.0,-0.7,-0.3,-1.0,0.7,0.0,-0.7,-0.7,-0.3,0.0,-0.7,0.0,-0.3,-0.7,0.7,-0.3,-1.0,-0.3,-0.7,-1.0,-0.3,-0.7,1.0,-0.7,-1.0,-1.0
Tier Harribel,0.3,-0.3,0.0,-0.3,-1.0,-0.7,0.0,0.3,-1.0,0.0,-1.0,-0.3,0.7,-1.0,0.7,0.0,0.3,-1.0,-0.3,0.0,0.0,0.0,-0.7,-0.3,1.0,-0.7,0.0,-0.3
Grimmjow,0.0,0.0,-0.7,-1.0,-1.0,0.0,-0.3,0.3,-0.7,-1.0,-0.3,-1.0,1.0,0.0,0.3,-0.7,0.3,-0.7,1.0,-0.3,0.0,0.0,-0.3,0.0,1.0,-1.0,-0.7,-1.0
Shawlong Koufang,-0.3,-1.0,-1.0,-1.0,-1.0,0.0,0.0,0.7,-0.7,-0.7,-0.3,-0.3,0.7,0.0,-1.0,-0.3,0.3,0.7,-0.7,-0.3,-0.3,-0.3,-0.7,-0.3,1.0,-0.7,0.0,-0.3
Kukkapuro,-0.3,-0.7,-0.7,-0.7,-1.0,-0.3,0.0,-0.3,-1.0,-0.7,-0.7,-0.7,-0.3,-0.7,0.0,-1.0,0.0,-1.0,-1.0,-1.0,-1.0,-0.3,-0.3,-0.7,0.0,-0.3,-1.0,0.0
Tesra Lindocruz,0.0,-0.7,-1.0,0.3,0.0,-0.3,-1.0,0.0,-0.3,-0.3,-1.0,-1.0,0.7,-0.7,-1.0,-0.3,0.3,0.7,0.0,-0.7,-0.7,0.0,0.0,0.0,0.3,0.0,-0.3,-1.0
Edrad Liones,-0.7,1.0,-0.7,-0.3,-0.7,-0.3,-0.3,0.7,-0.7,-0.3,-0.3,-1.0,1.0,-0.7,-0.7,-0.3,0.0,0.0,-0.3,-0.3,-1.0,-0.3,-0.7,0.0,0.3,-1.0,-0.7,0.0
Yammy Llargo,-0.3,0.0,-0.3,0.3,-0.7,-0.3,0.0,-0.3,-1.0,0.3,0.0,-0.7,0.0,-0.3,1.0,-0.3,0.0,0.3,1.0,0.0,-0.7,-1.0,-0.3,-0.7,0.3,0.0,0.0,-1.0
Baraggan,-0.3,-0.3,-0.7,0.0,-0.3,0.0,0.0,0.7,-1.0,-0.7,-0.3,-0.7,0.0,-0.3,1.0,-1.0,0.0,0.3,-1.0,-1.0,0.0,-0.3,-0.7,0.0,0.3,0.0,-1.0,-1.0
Lumina and Verona,-1.0,-0.3,0.0,0.0,0.0,0.3,1.0,0.0,0.0,0.0,-1.0,-0.7,0.0,0.0,-1.0,-0.7,1.0,0.3,0.0,-1.0,0.0,-0.3,-0.3,-0.3,0.3,0.0,-1.0,-1.0
Gantenbainne,-0.7,-0.3,-0.7,0.0,0.7,-0.7,0.0,-0.3,0.0,0.7,-0.3,0.0,0.7,-0.3,-0.7,-1.0,0.3,-1.0,-1.0,0.0,0.0,-1.0,-1.0,-1.0,1.0,0.0,-0.3,-1.0
Menoly Mallia,1.0,-0.7,0.0,0.0,0.7,-1.0,0.0,-1.0,0.0,0.0,-1.0,-0.3,0.3,-0.3,-1.0,-1.0,0.7,0.7,-1.0,-1.0,-0.7,-0.3,0.0,-0.3,0.0,-0.7,-0.3,-0.3
Wonderweiss Margela,-0.3,0.0,-1.0,-0.3,-1.0,0.7,0.0,1.0,-1.0,0.0,-1.0,-1.0,0.0,-0.3,0.0,-1.0,1.0,0.0,-0.3,-0.7,-0.7,0.0,-0.7,-1.0,0.0,-0.3,-0.7,-1.0
Medazeppi,-1.0,-0.7,1.0,-0.7,0.0,0.0,1.0,-0.3,-0.7,0.3,-0.3,-0.7,0.3,0.0,-0.7,0.0,0.7,0.7,-0.7,-0.7,-1.0,0.0,-0.3,-1.0,0.0,0.0,0.0,-1.0
Nelliel,1.0,-1.0,0.3,0.7,-0.3,-1.0,-1.0,1.0,-1.0,-0.3,-1.0,-0.7,0.0,-0.7,0.7,-1.0,0.3,-0.7,-0.7,-0.3,-0.7,-0.7,-0.7,0.0,1.0,-0.3,0.0,-0.3
Roka Paramia,0.7,0.7,-0.3,-0.7,-0.7,-0.7,-0.3,-0.7,-1.0,0.0,-0.7,0.0,0.3,-1.0,-0.7,-0.3,1.0,-1.0,-0.7,-0.3,0.0,-1.0,-1.0,0.0,0.0,-0.3,-1.0,-0.3
Choe Neng Poww,-1.0,0.3,-0.7,0.3,0.0,-1.0,-0.7,0.0,-0.7,-0.7,-0.7,0.0,1.0,-1.0,-0.7,-1.0,1.0,0.0,-1.0,0.0,-0.3,0.0,-0.7,-0.3,1.0,-0.7,-0.3,-0.3
Nirgge Parduoc,-1.0,-1.0,0.7,-0.7,-1.0,-0.3,0.7,0.7,-0.3,0.0,-0.3,0.0,0.0,0.0,-0.3,0.0,1.0,0.3,-0.3,-0.3,-0.3,-0.7,-1.0,0.0,0.7,0.0,-0.7,-1.0
Abirama Redder,0.0,0.0,-0.7,1.0,0.0,-0.3,-1.0,0.0,0.0,0.0,-1.0,-0.7,0.0,0.0,0.0,-0.7,0.3,0.0,-0.3,0.0,0.0,-0.3,-0.3,-1.0,0.0,-1.0,-0.7,-0.7
Di Roy Rinker,-1.0,-0.3,0.0,1.0,-1.0,0.0,-0.7,0.0,-1.0,0.0,0.0,-0.7,1.0,-0.7,-0.7,-0.7,1.0,0.3,-0.3,-1.0,-0.3,-0.7,-1.0,-1.0,1.0,0.0,0.0,-0.3
Franceska Mila Rose,0.0,1.0,0.7,0.0,-1.0,0.0,-0.7,0.7,-0.7,0.0,-0.7,0.0,0.7,-1.0,-0.3,0.0,0.7,-1.0,-0.3,0.0,-0.3,-1.0,-0.7,-0.7,0.7,-1.0,0.0,-0.7
Zommari Rureaux,-0.3,-0.7,-0.3,-1.0,-0.3,-0.7,-1.0,0.3,-1.0,0.0,-0.7,0.0,0.3,-0.3,0.0,0.0,1.0,0.3,-0.3,0.0,0.0,-0.3,-0.3,-0.3,0.3,-0.7,0.0,-0.3
Cirucci Sanderwicci,0.0,-1.0,-1.0,0.0,-0.3,-0.7,-1.0,0.7,0.3,-0.7,-1.0,0.0,1.0,-1.0,-0.3,-0.3,0.7,0.7,-0.3,0.0,0.0,-0.3,-0.7,-1.0,0.0,0.0,0.0,-0.7
Coyote Starrk,-0.3,-0.3,-1.0,0.0,-1.0,-0.3,-1.0,0.3,0.3,-0.7,-0.7,-0.7,0.7,-0.3,0.0,-1.0,1.0,1.0,-0.3,-0.7,-0.3,-0.3,-0.7,0.0,0.3,-0.3,-0.3,0.0
Cyan Sung-Sun,0.7,0.0,0.7,-0.3,-0.3,-0.3,-1.0,0.0,0.0,-1.0,-1.0,-0.3,1.0,-0.3,-0.7,-0.3,0.3,-1.0,0.0,-0.3,-1.0,0.0,-0.7,-0.3,0.7,0.0,-0.3,-0.3
Ggio Vega,-1.0,0.7,0.0,-0.7,-0.7,0.0,0.0,0.7,-0.3,-0.7,-0.7,-1.0,0.0,-1.0,-0.3,-0.7,0.7,0.3,-0.7,-0.3,-0.3,-0.3,-0.3,-0.7,0.7,0.0,0.0,-0.7
Aisslinger Wernarr,-1.0,-1.0,0.3,-0.7,-1.0,-0.3,0.0,-0.3,-0.3,0.0,-0.3,-0.7,0.7,-1.0,0.0,-0.3,0.3,0.0,-0.3,-0.7,-1.0,-0.3,-0.7,0.0,0.7,0.0,-0.7,-1.0
Demoura Zodd,-1.0,-0.7,0.7,0.0,-0.3,-0.7,0.7,-0.3,-0.3,0.7,0.0,-0.3,1.0,-1.0,0.0,0.0,0.7,0.7,0.0,-0.3,-0.3,-1.0,0.0,-0.7,0.0,-1.0,0.0,-0.7
Hironari Horiuchi,-0.3,0.0,-1.0,-1.0,-0.3,-0.7,0.0,0.3,-1.0,-0.3,-0.7,-1.0,-0.7,-1.0,-0.3,-1.0,0.0,-0.3,-1.0,-0.7,-1.0,-1.0,-1.0,-1.0,-1.0,0.0,0.0,-0.3
Jidanbo Ikkanzaka,-0.3,-1.0,-0.7,-1.0,-1.0,-1.0,0.0,0.3,-1.0,-0.3,0.0,-1.0,1.0,-1.0,0.0,-0.7,0.0,0.0,0.0,-0.7,0.0,0.0,-1.0,-1.0,-0.7,0.0,-0.7,-1.0
Isuzu Ise,1.0,0.3,0.0,0.0,1.0,0.0,-0.3,-0.3,0.0,0.0,0.0,-0.3,0.7,-1.0,-0.3,-1.0,0.0,-0.3,-0.7,0.0,0.0,-0.3,-1.0,-1.0,-1.0,-0.3,-0.7,-1.0
Kazuo and Kazuhiro,-1.0,-0.3,-0.7,-1.0,0.0,0.0,-0.3,-0.7,-0.7,0.0,-1.0,-1.0,0.3,-1.0,-0.3,-0.3,0.7,-0.7,0.0,-0.3,-0.7,-0.3,-0.3,0.0,-1.0,0.0,-0.3,-0.7
Koganehiko and Shiroganehiko,-0.3,0.0,0.0,-1.0,-0.7,0.0,-0.3,-1.0,-0.7,1.0,-0.7,-1.0,0.0,-0.7,0.0,0.7,0.0,-0.7,-1.0,-1.0,-0.3,0.0,-0.7,-0.7,-1.0,-0.7,-1.0,-1.0
Hisana Kuchiki,0.7,0.7,0.0,-0.3,-0.7,-1.0,-0.3,-1.0,-0.7,-0.3,-0.7,-0.3,0.0,-0.7,0.0,0.0,1.0,0.7,-1.0,-0.7,-0.7,-1.0,-0.7,-0.3,-0.3,0.0,-0.3,0.0
Nobutsune Seike,-0.7,-1.0,-0.3,-0.3,-0.7,0.0,-0.7,1.0,-1.0,-0.7,-0.3,-0.3,0.0,0.0,-1.0,-1.0,0.0,0.0,-1.0,-0.7,-0.3,0.7,-1.0,-1.0,-1.0,-0.3,-0.3,-0.3
Ganju Shiba,-1.0,0.3,-0.3,0.0,-0.3,0.0,-0.7,0.7,1.0,-1.0,-0.7,0.0,0.0,0.0,-0.3,0.7,0.7,-0.3,-0.3,-0.7,-0.7,-1.0,-0.7,-0.3,0.0,0.0,-1.0,-0.3
Kukaku Shiba,0.7,0.0,0.0,-0.3,0.0,-1.0,-0.3,0.0,0.7,-0.3,-0.7,0.0,-0.7,-0.3,0.3,0.7,0.0,-1.0,-1.0,1.0,0.0,-0.3,0.0,-1.0,-0.3,-0.3,0.0,-1.0
Yuichi Shibata,-0.7,-0.7,-0.3,-0.3,-0.7,1.0,-0.3,0.0,0.0,-1.0,-0.3,-0.3,-0.7,-0.3,-0.3,-0.7,0.3,-0.7,-0.7,-0.7,0.0,-0.7,-1.0,-0.3,-0.7,-0.3,-0.3,-0.7
Yushiro Shihoin,-0.7,0.0,-1.0,-0.7,-1.0,0.3,0.0,0.7,0.0,0.0,-0.7,-0.7,1.0,-0.7,1.0,0.3,-0.3,-0.3,0.0,-1.0,-0.7,0.0,-0.7,0.0,-1.0,-0.3,-0.3,-0.7
Ayon,-1.0,0.0,-0.7,0.0,-1.0,-1.0,1.0,-0.7,-1.0,0.3,-1.0,0.0,1.0,0.0,-1.0,-0.3,-1.0,0.0,0.0,-0.7,0.0,0.0,0.0,-0.7,0.0,-0.3,-0.3,0.0
Bawabawa,-1.0,0.0,-0.7,-1.0,-1.0,0.0,0.3,0.0,-0.3,0.0,-0.7,0.0,-0.7,-1.0,-0.3,-1.0,-0.3,-0.7,-0.7,0.0,-0.3,-0.3,0.0,-1.0,0.3,-0.3,-0.7,-0.7
Bulbous G,-0.7,-1.0,-0.7,0.0,-0.7,-0.3,0.0,0.0,-0.7,0.7,-0.7,-0.7,-1.0,0.0,-1.0,0.0,0.0,1.0,-0.3,-1.0,0.0,-0.3,-0.3,-0.3,0.0,-0.7,-1.0,0.0
Cuerno,-1.0,-0.7,-1.0,-0.7,0.0,0.0,1.0,0.0,0.0,0.3,-0.7,-0.7,0.0,-0.7,0.0,-0.7,0.0,1.0,0.0,0.0,0.0,-0.3,-0.3,-0.3,1.0,-1.0,-0.7,-0.7
The Demi-Hollow,-1.0,0.0,-0.7,0.0,-0.7,-0.3,0.3,-1.0,-0.3,0.7,-0.7,-0.3,-0.3,-1.0,-0.7,-0.3,0.3,0.0,-0.7,-1.0,-0.3,-0.7,0.0,0.0,0.7,-1.0,-0.7,-0.3
Fishbone D,-0.7,0.0,-0.7,0.0,0.0,-0.7,0.7,-1.0,-1.0,0.3,-1.0,-1.0,-0.7,-1.0,-0.3,0.0,0.3,0.7,1.0,-1.0,0.0,0.0,-0.7,-1.0,0.0,-0.7,0.0,0.0
Grand Fisher,-0.3,-0.3,-0.7,0.3,-0.7,0.0,0.3,0.0,-0.7,0.0,-0.3,-1.0,-1.0,-0.3,-0.3,-0.3,0.7,1.0,0.7,-0.7,-0.7,0.0,-0.3,-0.3,0.7,0.0,-0.3,-0.3
Hooleer,-0.3,-0.3,0.0,-0.3,-0.7,-0.3,0.7,-0.7,1.0,0.0,0.0,0.0,0.3,-0.7,-0.7,0.0,-0.7,0.0,0.0,-1.0,-0.7,-0.3,0.0,-0.7,0.3,-0.7,0.0,-0.3
Hexapodus,-0.3,-0.3,-0.3,0.0,-1.0,-1.0,0.7,-1.0,0.0,0.3,0.0,-1.0,-1.0,-1.0,-0.3,0.0,0.0,0.0,-0.3,-0.7,-1.0,-1.0,-1.0,-0.7,1.0,0.0,-0.3,0.0
The Menos Grande,-0.3,-0.7,1.0,-0.7,-1.0,-0.3,0.3,0.0,0.7,0.0,-1.0,0.0,0.3,-0.7,-0.7,-0.3,1.0,0.3,0.0,-0.3,-0.3,0.0,0.0,0.0,0.7,0.0,-0.7,-1.0
Metastacia,-0.7,-0.7,-1.0,0.0,0.0,-0.7,0.0,-0.7,-0.7,0.3,-0.3,-0.7,-0.7,-0.3,-1.0,-0.3,0.3,0.3,-1.0,-0.3,0.0,-0.3,-0.3,-0.3,0.0,-1.0,0.0,0.0
Numb Chandelier,-0.7,-0.3,0.0,0.0,-1.0,-0.7,0.7,0.0,0.0,-0.7,0.0,-0.3,-0.7,-0.3,0.0,-0.7,0.7,0.0,0.0,-1.0,-0.3,0.0,-0.7,-1.0,0.3,-1.0,0.0,0.0
Runuganga,-1.0,0.0,0.0,-0.7,-1.0,0.0,0.7,-0.3,-0.7,0.7,-0.3,0.0,0.3,-1.0,-0.3,-0.7,-0.3,1.0,-0.3,-0.3,-0.7,-0.7,-0.7,0.0,0.0,-0.3,-1.0,-1.0
Shrieker,0.0,-1.0,0.0,-1.0,0.0,-1.0,0.7,0.0,0.3,0.0,-1.0,0.0,-0.3,-0.7,0.0,-0.7,1.0,0.0,0.0,0.0,-0.7,-1.0,-1.0,-1.0,1.0,-1.0,-0.7,-0.3
White,-0.3,-0.7,-1.0,-0.7,0.0,-0.3,0.0,0.7,-1.0,-0.3,-1.0,0.0,0.0,-0.3,0.0,0.0,0.0,0.0,0.0,-0.3,0.0,-1.0,0.0,-0.7,1.0,-1.0,-1.0,-1.0
Zonzain,-0.7,0.0,0.0,-0.7,-1.0,-0.3,0.7,-0.7,0.0,0.0,-0.7,-0.3,-0.7,-0.3,-1.0,-0.3,0.0,0.3,-1.0,0.0,-0.3,-1.0,0.0,0.0,1.0,-0.7,-0.7,-0.3
Robert Accutrone,-0.7,-0.7,-0.3,0.0,1.0,0.0,-0.7,-0.3,0.3,-0.7,-1.0,-0.7,1.0,0.0,-0.7,-0.7,-0.7,0.0,-1.0,0.0,0.0,-0.7,-0.3,0.0,0.0,-0.7,-0.7,-0.3
Lille Barro,0.0,-0.3,0.3,-0.3,0.0,-1.0,0.0,-0.3,0.3,-1.0,-0.7,-0.7,0.3,0.0,0.7,0.0,-0.7,0.7,0.0,0.0,-1.0,-1.0,0.0,0.7,-0.3,0.0,-0.3,-0.7
Bambietta,0.3,0.7,0.7,0.0,-0.7,-0.7,-1.0,0.0,0.3,-0.7,-1.0,-0.7,1.0,0.0,0.3,0.0,0.0,0.7,0.0,-1.0,-1.0,-0.3,-0.3,0.3,-0.3,-1.0,-0.3,-0.7
Bazz-B,0.0,-0.3,-1.0,1.0,-1.0,-0.3,0.0,0.0,0.7,-1.0,0.0,-1.0,1.0,-0.7,-0.3,-1.0,-0.3,0.0,-0.3,0.0,-1.0,-0.3,-0.7,0.3,-0.7,-1.0,-0.3,-0.7
Driscoll Berci,-1.0,0.0,-1.0,-0.3,0.0,0.0,-1.0,-1.0,0.3,-1.0,-1.0,-0.3,0.3,-0.3,-0.3,-0.3,0.0,0.0,-0.7,0.0,-0.3,-0.7,-0.3,0.3,-1.0,0.0,-0.3,-1.0
BG9,-0.3,0.0,0.0,0.0,-1.0,-0.7,0.7,-1.0,0.7,-1.0,0.0,-0.7,0.7,0.0,-0.3,0.0,-0.7,0.7,0.0,0.0,-0.7,-1.0,-0.7,0.7,0.0,-0.3,0.0,-0.3
Candice Catnipp,1.0,-0.7,-0.7,0.0,-0.7,0.0,0.0,0.0,1.0,-1.0,0.0,0.0,0.3,-1.0,-0.3,-0.7,-1.0,1.0,-0.7,-1.0,0.0,-0.3,-0.3,1.0,-0.3,0.0,-0.7,-1.0
Nikita Deslock,0.7,-0.3,0.7,-0.7,0.0,-1.0,-0.7,0.0,0.3,0.0,-0.7,-0.7,0.0,-0.3,0.0,-0.3,-0.3,0.7,0.0,-0.7,-0.7,-0.7,0.0,0.0,-0.3,-1.0,-1.0,0.0
Shaz Domino,-1.0,-0.3,-0.3,0.3,1.0,-0.7,0.0,-0.7,1.0,-0.7,-0.7,0.0,0.0,-1.0,-1.0,-0.3,-0.7,0.7,-0.3,-0.3,-0.7,0.0,0.0,0.7,-1.0,0.0,-1.0,0.0
Cang Du,0.0,0.3,-0.7,-0.3,-1.0,-0.3,-0.3,0.7,-1.0,0.0,-1.0,-0.7,0.7,0.0,0.0,0.0,0.0,1.0,0.0,-0.3,-1.0,-0.7,-0.7,0.3,-1.0,0.0,-0.3,0.0
Berenice Gabrielli,-0.7,0.0,0.0,0.0,0.0,-0.7,-1.0,-0.3,1.0,-0.3,-0.7,-0.7,0.3,-0.3,-1.0,-0.3,-1.0,1.0,-0.7,-1.0,-0.7,-0.3,0.0,0.3,0.0,-1.0,0.0,-0.7
Giselle Gewelle,1.0,0.0,1.0,-0.3,0.0,-0.3,0.0,0.0,0.0,-0.7,-0.3,0.7,0.0,-1.0,0.0,-0.3,-1.0,1.0,-0.3,-0.3,-0.3,-1.0,-0.7,0.7,-1.0,-1.0,-0.7,-0.3
Jerome Guizbatt,-0.3,0.0,0.0,-0.3,-1.0,-0.7,1.0,-0.7,1.0,-0.7,0.0,-1.0,1.0,-1.0,0.0,-0.7,-0.3,1.0,0.0,-0.7,-1.0,-0.3,0.0,0.3,0.0,0.0,-1.0,0.0
Jugram Haschwalth,-1.0,-0.3,-1.0,0.0,0.0,-1.0,-0.7,0.7,0.3,-1.0,-0.7,0.0,0.0,-0.7,1.0,0.3,-0.3,0.7,-0.3,-0.7,-0.3,-0.7,-0.7,1.0,-0.3,0.0,-0.7,-0.7
Izumi Ishida,0.0,0.0,-0.7,-1.0,0.0,-1.0,-1.0,-0.3,1.0,-0.7,0.0,-0.7,0.0,0.0,-0.3,0.0,0.0,0.0,-1.0,-0.3,0.0,0.0,-1.0,0.3,-1.0,-0.3,0.0,0.0
Ryuken Ishida,-0.3,-1.0,-1.0,-0.3,0.7,-0.3,-0.3,-0.7,0.0,-1.0,-0.7,-0.3,-0.3,-1.0,0.3,1.0,0.7,-1.0,-1.0,1.0,-0.7,0.0,0.0,1.0,0.0,-0.7,-0.7,-0.3
Soken Ishida,-0.3,0.0,-0.3,-0.7,0.0,-0.3,0.0,-0.7,1.0,-0.7,-0.7,0.0,-1.0,-0.3,-0.3,1.0,0.0,0.0,-1.0,0.0,-0.3,0.0,-0.7,0.0,-0.7,-0.3,-1.0,-0.7
Uryu Ishida,-1.0,0.3,-1.0,-1.0,1.0,0.0,-1.0,-1.0,0.3,-1.0,-0.3,-1.0,0.3,-0.7,1.0,0.3,0.0,-1.0,1.0,-0.7,-0.7,-1.0,-0.3,0.3,0.0,-0.7,-1.0,-0.3
James,-0.7,0.0,0.0,-1.0,0.3,0.3,-0.3,-1.0,-1.0,1.0,-1.0,0.7,0.7,-0.7,0.0,-0.7,-0.7,0.0,0.0,0.0,-1.0,-0.3,-0.7,0.3,0.0,-0.7,-0.3,-1.0
Kanae Katagiri,0.3,0.0,-0.7,-1.0,-1.0,-1.0,0.0,-0.7,1.0,-0.7,-1.0,-0.7,-0.7,-0.7,-0.3,0.0,-0.3,1.0,-0.7,0.0,0.0,-0.7,-0.7,1.0,-0.7,-0.7,-1.0,-0.7
Huburt Kleich,-1.0,0.0,-0.7,-0.3,-1.0,-0.3,-1.0,-1.0,0.3,-0.7,-0.3,-1.0,0.0,0.0,-0.7,-1.0,-0.3,0.7,0.0,-0.7,0.0,0.0,-1.0,0.3,-1.0,-1.0,-0.7,0.0
Masaki Kurosaki,0.7,-0.7,-1.0,0.0,0.0,-0.7,-1.0,0.0,0.3,-0.7,-0.3,0.0,0.0,-0.7,0.0,-1.0,0.0,0.3,-0.3,-0.3,0.0,-0.3,-0.3,0.0,-1.0,-1.0,-1.0,-1.0
Liltotto Lamperd,0.0,-0.3,0.7,-0.7,-0.7,0.3,-0.7,-1.0,-1.0,0.0,0.0,0.0,0.7,0.0,-0.3,-1.0,0.0,0.3,-0.3,-1.0,-0.7,0.0,0.0,0.7,-0.7,-0.3,-1.0,-0.7
Algora Lallau,0.0,-0.7,-1.0,-1.0,-0.7,0.0,-0.7,-1.0,0.7,-0.7,-0.7,0.0,0.3,-0.3,-0.7,-0.3,-0.7,1.0,-1.0,-1.0,-0.3,-0.3,-0.7,0.0,-0.3,-1.0,-0.7,-1.0
Guenael Lee,0.0,-1.0,0.0,-0.7,0.7,0.0,0.0,-1.0,0.7,-0.7,0.0,-1.0,1.0,-0.7,-0.3,0.0,-0.7,0.7,-0.7,-0.3,0.0,-0.7,-0.7,0.3,-0.7,-0.3,0.0,-0.3
Loyd Lloyd,-1.0,-1.0,-1.0,0.0,-0.7,-0.3,-1.0,0.0,0.0,0.0,-0.3,-0.7,0.0,-0.3,-0.3,-1.0,-1.0,0.3,-0.7,-0.3,-1.0,-0.7,0.0,0.0,0.0,0.0,-1.0,0.0
Royd Lloyd,0.0,-0.3,-1.0,0.7,-1.0,-1.0,0.0,-0.7,0.7,-0.3,-0.3,-1.0,0.3,-1.0,-1.0,-0.7,0.0,1.0,0.0,-0.3,-1.0,-0.7,0.0,0.0,-0.7,0.0,-1.0,0.0
Mask De Masculine,-0.7,-1.0,0.3,-0.3,-0.7,0.0,-0.3,-0.7,-0.7,0.0,0.0,-0.3,1.0,-0.3,-0.3,0.0,-1.0,0.0,-1.0,-0.3,-0.3,-0.7,-0.3,0.3,-1.0,-1.0,0.0,-0.3
Meninas McAllon,1.0,-0.7,0.7,-0.3,-0.3,0.0,-0.3,0.0,-1.0,0.7,0.0,0.0,0.3,-1.0,-0.7,-0.3,-1.0,0.7,-0.7,-0.3,-1.0,-0.3,-0.7,0.0,-0.3,-0.3,-0.3,-0.3
NaNaNa Najahkoop,-1.0,0.0,0.7,-0.7,0.0,0.0,-0.7,-0.7,0.7,0.0,0.0,-0.3,0.0,-0.7,-0.7,-0.3,0.0,0.0,0.0,-1.0,0.0,-0.7,-0.3,0.0,-0.7,-0.7,-0.3,-1.0
Askin Nakk Le Vaar,-0.7,0.0,-0.3,-0.3,-0.3,0.0,-0.7,0.0,1.0,-0.7,-0.3,-1.0,1.0,-1.0,0.3,-0.7,-0.7,0.7,0.0,-0.3,-0.3,-0.3,-1.0,0.7,-1.0,0.0,-0.3,-0.7
As Nodt,-0.3,0.3,0.0,-1.0,-1.0,0.0,-0.7,0.0,0.0,0.0,0.0,-1.0,1.0,-1.0,0.0,-0.7,-0.3,1.0,-0.3,-0.3,-0.3,0.0,-1.0,1.0,-0.3,0.0,-0.3,0.0
Quilge Opie,-0.7,-0.3,-0.7,-0.3,0.0,-0.7,-1.0,1.0,0.0,-0.7,-0.7,-1.0,0.7,-0.7,0.3,-0.3,-0.7,1.0,0.7,-0.3,-0.3,-1.0,-1.0,0.7,-1.0,-1.0,-0.3,-0.3
Pernida Parnkgjas,-0.3,-0.3,0.3,0.0,0.0,-1.0,0.3,-0.3,0.3,-0.7,-0.7,-1.0,1.0,-1.0,1.0,0.0,-1.0,0.3,-0.3,-0.7,0.0,0.0,0.0,0.0,0.0,-1.0,0.0,-0.7
Johann Seydlitz,0.0,0.0,-1.0,0.0,0.7,-0.7,-1.0,-0.3,0.0,-0.7,-0.7,0.0,0.7,-1.0,-0.3,-1.0,0.0,0.7,-0.7,-1.0,-0.7,-1.0,-0.3,0.3,-0.7,-0.7,-0.7,0.0
Gremmy Thoumeaux,-0.7,-0.3,0.7,-1.0,-0.3,1.0,-0.3,-0.7,1.0,0.0,0.0,-0.7,0.0,0.0,-0.3,-0.3,-1.0,0.7,-0.3,-1.0,0.0,-0.7,-0.3,0.3,-1.0,0.0,-1.0,0.0
Gerard Valkyrie,-0.3,-1.0,1.0,-1.0,-1.0,-1.0,-0.3,0.3,-1.0,-0.3,0.0,0.0,0.7,-0.7,0.3,-1.0,-1.0,1.0,-0.3,-0.3,0.0,-0.7,-1.0,0.7,-0.3,-1.0,0.0,-1.0
PePe Waccabrada,0.0,-0.7,0.0,-0.3,0.3,0.0,-1.0,-0.3,0.3,-0.7,0.0,0.0,1.0,-0.7,-0.3,-0.3,0.0,0.7,-0.3,-0.3,-0.7,0.0,-0.3,0.7,-0.7,0.0,-1.0,-1.0
Nianzol Weizol,-0.7,0.3,-0.7,0.0,-0.7,-0.3,-0.7,-1.0,0.7,-0.3,-1.0,-1.0,0.3,-0.7,-0.3,-1.0,0.0,0.3,-1.0,-0.7,-0.7,-1.0,-0.3,1.0,-0.3,-1.0,0.0,0.0
Yhwach,-0.7,0.7,-0.3,-0.3,-0.3,-0.7,-0.7,1.0,1.0,0.0,0.0,-0.3,0.7,0.0,0.3,0.0,-1.0,0.7,0.7,1.0,0.0,-0.7,-1.0,0.7,0.0,-1.0,-0.7,-0.3
Soul King,-0.3,-1.0,-0.7,-1.0,-0.7,0.0,1.0,0.0,-0.7,-0.3,0.0,0.0,-0.3,-0.7,0.0,-0.7,-0.3,0.0,-0.7,-0.3,0.0,0.0,-0.3,-0.3,-0.7,0.0,-0.3,0.7
Mimihagi,-0.3,0.0,0.0,-0.3,-0.7,-1.0,0.3,-1.0,-1.0,-0.7,-1.0,-0.7,0.0,-0.7,0.0,-0.3,-0.3,0.7,-0.3,-1.0,-1.0,-0.3,-1.0,0.0,-1.0,-0.7,-0.3,0.0
Kon,0.0,-1.0,-1.0,-0.3,-0.7,1.0,1.0,-0.7,-0.7,1.0,0.0,0.0,0.0,-0.7,-1.0,-0.3,0.7,-1.0,-0.7,0.0,-1.0,-0.7,-0.3,-0.3,-0.3,0.0,-0.3,-0.3
Jinta Hanakari,0.0,-0.7,-1.0,-0.7,-0.7,0.0,-1.0,0.0,-0.7,0.3,-0.3,0.0,-1.0,-0.7,-0.7,-0.3,0.7,-1.0,-0.7,0.0,0.0,0.0,-0.3,-1.0,-1.0,-0.3,-0.7,-1.0
Ururu Tsumugiya,1.0,0.7,-0.3,-0.3,-1.0,0.3,-0.7,-1.0,0.3,0.3,-0.3,-0.7,-0.7,-0.7,-0.3,0.0,0.7,0.0,-0.3,-0.7,1.0,0.7,0.0,-1.0,-0.7,0.0,-0.3,0.0
Hyōrinmaru,-1.0,0.0,-0.7,0.0,-0.7,-0.7,0.3,0.7,-1.0,0.0,-1.0,-0.3,-1.0,0.0,-0.3,-1.0,-0.3,0.0,0.0,-1.0,-0.7,-0.3,-0.7,-0.7,0.0,-0.7,0.3,-0.3
Katen Kyōkotsu,0.0,0.0,0.0,0.0,1.0,-1.0,-0.7,1.0,-1.0,-0.7,-1.0,-0.7,-0.7,-0.3,0.0,-1.0,-0.7,0.0,-1.0,-0.3,-0.7,-0.3,-0.7,-0.3,-1.0,-0.3,0.7,0.0
Nozarashi,0.3,-0.3,0.0,-1.0,-1.0,0.0,-0.3,0.7,0.0,-0.7,-0.3,-0.3,-0.3,-0.3,-0.7,-1.0,0.0,-0.3,0.0,-0.7,-1.0,-0.7,-0.7,-1.0,-0.3,-0.3,0.0,0.0
Zabimaru,-0.7,0.0,-0.3,-1.0,0.0,-0.7,1.0,-0.7,-1.0,0.0,-0.3,-0.3,-0.3,-0.7,0.0,-1.0,-0.3,-1.0,-0.3,-0.3,-1.0,-0.7,-0.3,-0.7,-0.3,-1.0,0.3,-1.0
Zangetsu (Old Man),0.0,-1.0,0.0,-0.3,-1.0,0.0,-0.7,0.7,0.3,-1.0,0.0,0.0,-0.7,-1.0,-1.0,-0.7,1.0,-0.3,-0.3,0.7,-0.7,0.0,-0.3,0.0,-0.3,-0.3,0.7,-0.7
Zangetsu (Hollow),-0.7,0.0,-1.0,-1.0,-0.3,-0.3,0.7,0.0,0.3,0.0,-0.3,0.0,-0.7,-0.3,0.0,-0.3,1.0,-1.0,0.3,0.0,0.0,-1.0,-0.7,-0.7,-0.7,-0.7,0.3,-1.0
Tatsuki Arisawa,0.3,0.0,-0.3,0.0,-1.0,-1.0,-0.3,-0.3,-0.3,0.3,-0.3,0.0,0.0,0.0,-1.0,-0.7,0.3,-1.0,-0.7,-0.7,0.7,-0.7,-0.3,0.0,-0.7,0.0,0.0,-0.3
Keigo Asano,-1.0,-0.7,-0.3,0.0,-0.7,-0.7,-1.0,-0.7,-0.3,-0.7,-0.7,-0.7,0.0,-0.3,-1.0,-0.7,1.0,-1.0,-1.0,-1.0,0.0,0.0,-0.3,-1.0,0.0,-1.0,0.0,-1.0
Mizuho Asano,0.7,0.0,-1.0,-1.0,0.0,-0.3,-0.3,-0.3,-0.3,-0.3,-0.7,-0.7,0.0,-0.7,-0.7,-1.0,0.3,0.0,-0.7,-0.7,1.0,-0.3,-0.7,-0.3,-1.0,-0.3,-0.3,-1.0
Oscar Joaquin,-0.3,0.7,1.0,-1.0,0.0,0.0,-1.0,-0.7,-0.7,0.0,-0.7,-0.7,0.0,0.0,-0.3,-0.3,0.7,0.7,-1.0,1.0,0.7,-0.3,0.0,-1.0,-0.3,-1.0,-0.3,0.0
Hashigami,0.0,-1.0,-0.3,-1.0,-0.3,-0.3,0.0,-0.3,-0.7,-0.7,-0.3,-0.3,-0.3,0.0,-0.3,-0.3,0.3,-0.7,0.0,-1.0,0.0,-0.3,-1.0,-0.7,-1.0,-1.0,-1.0,-1.0
Chizuru Honsho,0.3,-0.3,-0.3,-0.3,0.0,-0.3,-0.7,0.0,-1.0,0.0,-1.0,-1.0,-0.7,-0.7,-1.0,-1.0,0.3,0.0,-0.7,-0.3,0.3,-1.0,-0.3,0.0,-1.0,-0.7,-0.3,0.0
Harutoki Ide,-0.7,0.7,-1.0,0.0,-1.0,-1.0,-0.7,-0.7,-1.0,-1.0,-1.0,-0.7,0.0,-1.0,-0.7,-0.7,0.3,-1.0,-0.3,-0.7,0.7,0.0,-1.0,0.0,-1.0,-1.0,0.0,0.0
Ino,-1.0,-0.7,-0.7,-0.7,0.3,0.0,-0.3,-0.7,-0.7,-0.7,-0.7,0.0,-1.0,0.0,-0.3,0.0,0.0,-0.7,-0.7,0.0,0.7,-0.7,0.0,-0.7,-1.0,-1.0,0.0,-0.3
Orihime Inoue,1.0,-1.0,-1.0,-0.3,-0.3,-1.0,0.0,-0.7,0.7,0.0,-0.7,1.0,-1.0,-0.7,-0.7,0.0,0.3,0.0,-1.0,-0.7,0.0,-0.3,-1.0,-1.0,-0.7,0.0,-1.0,-0.3
Kagine,0.0,0.7,0.0,-1.0,-1.0,-0.7,-0.3,-0.3,-0.7,-0.3,-0.3,-0.7,-0.3,0.0,-1.0,-0.3,1.0,-1.0,-0.3,-1.0,0.7,-0.7,-0.7,-0.7,-0.7,-0.3,-0.3,0.0
Kaneda,0.0,0.3,-0.7,-1.0,-0.7,0.0,-0.7,0.0,-0.3,-0.3,0.0,-0.3,-0.7,-0.3,-0.7,-0.7,1.0,0.0,-0.7,0.0,0.3,-1.0,-1.0,0.0,-1.0,-0.3,-0.7,-1.0
Don Kanonji,0.0,1.0,0.3,-0.7,1.0,-0.7,-0.3,-1.0,0.7,0.0,-0.7,0.0,-0.7,-0.7,1.0,-0.3,0.0,-0.3,-1.0,0.7,1.0,-0.3,-0.3,-0.7,-0.7,-1.0,0.0,0.0
Mizuiro Kojima,-0.7,0.3,-0.3,-1.0,-0.3,0.0,-0.7,-0.3,-0.3,-1.0,-0.3,0.0,-0.7,0.0,-1.0,-1.0,0.7,-0.7,-0.7,-0.3,0.7,-1.0,-0.7,-1.0,-1.0,-0.3,-1.0,-0.7
Ryo Kunieda,0.3,1.0,-0.7,-1.0,-0.7,-1.0,-0.7,0.0,-1.0,-0.3,0.0,-1.0,0.0,-0.7,-1.0,0.0,0.0,0.0,0.0,-1.0,0.3,-0.3,-0.7,-1.0,0.0,-0.3,0.0,-0.7
Ichigo Kurosaki,-0.3,-0.3,-0.3,-0.3,-1.0,-0.3,-1.0,0.3,-1.0,0.0,-0.3,-0.7,-1.0,1.0,0.0,-0.3,1.0,-0.3,0.0,-0.7,0.3,-0.3,1.0,-0.3,-1.0,0.0,0.0,-0.7
Karin Kurosaki,0.3,0.0,-0.3,-1.0,0.0,1.0,-0.7,-1.0,-0.3,0.3,-1.0,-0.7,0.0,0.0,0.0,0.0,0.3,-0.7,-0.7,-1.0,1.0,-1.0,-1.0,-0.3,-1.0,-0.7,-0.3,-0.7
Kazui Kurosaki,-0.7,-0.3,-0.3,0.0,0.0,0.0,-0.3,-0.3,-1.0,-0.3,-0.7,-0.7,-0.7,0.0,-0.7,0.0,-0.3,0.0,0.0,-0.7,1.0,-0.3,0.3,-0.7,-0.7,-1.0,0.0,-1.0
Yuzu Kurosaki,0.7,-0.3,-0.7,-0.7,-1.0,1.0,-1.0,-0.7,-0.7,-1.0,-1.0,-0.3,-0.3,-0.7,-1.0,0.0,1.0,-1.0,-0.3,-0.3,0.0,0.0,0.0,0.0,-0.3,-0.3,-1.0,-1.0
Mahana Natsui,0.0,-0.7,-0.3,-0.3,-0.3,-0.7,-0.7,0.0,-0.7,-1.0,0.0,-1.0,-1.0,-0.3,0.0,-0.7,0.3,-1.0,0.0,-1.0,0.7,0.0,-0.7,0.0,-0.3,-1.0,-0.3,-0.7
Misato Ochi,0.7,-1.0,-1.0,-0.7,1.0,0.0,-0.3,-1.0,0.0,-1.0,-0.7,-0.3,-0.7,-0.3,-0.3,-1.0,0.0,-0.3,0.0,0.0,0.0,-1.0,-1.0,-1.0,-0.7,-0.3,-1.0,-0.3
Michiru Ogawa,0.0,-0.7,0.0,-0.3,0.0,0.0,0.0,-1.0,-0.3,-0.3,-0.7,-0.7,-1.0,-0.7,-0.7,-0.3,0.3,0.0,-1.0,-1.0,0.3,0.0,-1.0,-1.0,-0.3,-0.7,0.0,-1.0
Reiichi Oshima,-0.3,0.0,0.0,-0.3,-0.3,-0.7,0.0,-0.7,0.0,0.0,-0.7,-0.7,-0.7,0.0,-0.3,-0.7,1.0,-0.7,0.0,0.0,1.0,-1.0,-0.7,-0.7,-0.3,-0.7,-0.3,-1.0
Gitano Shigeo,-1.0,-0.7,0.0,-0.7,-0.7,-0.7,0.0,0.0,0.0,1.0,0.0,-0.3,-0.3,0.0,-0.3,0.0,0.7,0.0,-0.7,-0.7,1.0,-0.7,-0.3,-0.7,0.0,0.0,-1.0,-1.0
Keiske Sorimachi,-1.0,1.0,-0.3,-0.3,-0.3,-1.0,-1.0,-0.3,-1.0,-0.3,0.0,0.0,-0.7,-0.3,-1.0,-1.0,0.3,0.0,-0.7,-0.7,0.0,-0.7,-0.3,0.0,-1.0,-0.7,-0.7,0.0
Ikumi Unagiya,1.0,0.7,0.7,-0.3,0.0,-0.3,0.0,-1.0,-0.3,0.0,-0.3,-0.3,0.0,-1.0,0.3,-1.0,-1.0,-0.7,0.0,0.0,0.3,0.0,-1.0,-0.7,-1.0,-0.7,-1.0,-0.3
Kaoru Unagiya,-1.0,0.3,-0.7,0.0,-1.0,0.0,-0.7,0.0,-0.3,-1.0,0.0,-0.7,-1.0,-0.7,-0.7,-0.7,-1.0,-1.0,-0.7,0.0,0.7,-1.0,0.0,0.0,-1.0,0.0,-1.0,-0.3
Yokochini,0.0,-0.3,-0.3,0.0,1.0,-1.0,-1.0,-1.0,0.0,0.0,-1.0,0.0,-1.0,0.0,-0.7,-1.0,0.0,-0.3,-0.7,0.0,0.7,0.0,-1.0,-0.7,0.0,-1.0,-1.0,-1.0
Riruka Dokugamine,0.0,-1.0,0.0,0.0,-1.0,0.0,-0.7,0.0,0.7,-0.3,-0.7,-0.7,-0.3,1.0,0.0,-1.0,-1.0,-0.7,1.0,-0.3,0.7,-1.0,0.0,-0.7,-0.7,-0.7,-1.0,-0.3
Kugo Ginjo,-1.0,1.0,-0.7,-0.7,-0.7,-0.3,-0.7,0.0,0.0,-0.7,-1.0,-1.0,0.0,0.0,0.7,0.0,-1.0,0.7,0.3,0.7,1.0,0.0,-0.3,0.0,-1.0,0.0,-1.0,-0.7
Giriko Kutsuzawa,-0.3,0.7,-1.0,0.0,0.0,0.0,-0.7,0.0,0.0,-0.7,0.0,-1.0,-0.3,0.3,-1.0,-0.7,0.0,0.0,0.7,-0.3,0.3,-0.3,-1.0,-1.0,0.0,0.0,-0.7,-0.7
Yasutora Sado,-0.7,0.7,-1.0,-0.3,-1.0,0.0,-0.7,-1.0,0.0,1.0,0.0,-1.0,-0.7,-0.7,-0.7,-0.3,1.0,-0.3,-0.7,-1.0,0.3,0.0,-1.0,-1.0,0.0,-0.7,-0.7,-1.0
Moe Shishigawara,-0.3,0.3,-1.0,-0.3,-1.0,-1.0,-1.0,0.0,-1.0,1.0,-0.7,-0.3,-0.3,0.0,0.0,-1.0,-0.3,-1.0,0.3,0.0,0.0,-0.7,-1.0,-0.7,-0.3,-1.0,-0.7,-1.0
Shukuro Tsukishima,-0.7,0.7,-0.7,-1.0,-1.0,-0.3,-1.0,0.3,-0.7,-0.3,-1.0,0.0,-0.3,0.0,1.0,-0.3,0.0,0.0,1.0,-0.7,0.0,-0.3,-0.3,-0.3,-0.3,-1.0,-0.3,-0.3
Yukio,0.0,-1.0,0.0,0.0,-1.0,1.0,0.0,-1.0,0.0,0.0,0.0,0.0,-0.3,0.7,-0.7,0.0,-1.0,-1.0,1.0,-0.7,0.3,-1.0,0.0,0.0,-0.3,0.0,-1.0,-0.7
Jackie Tristan,0.0,1.0,-0.7,-1.0,-0.7,0.0,-0.7,-0.7,-0.7,0.3,0.0,-0.3,-1.0,0.7,-0.3,-1.0,0.0,1.0,0.0,-1.0,0.3,-0.3,0.0,0.0,-0.3,0.0,-0.3,0.0
Ichika Abarai,0.7,-1.0,-0.7,-1.0,0.0,0.3,0.0,0.7,-0.3,-1.0,-0.7,-0.7,1.0,0.0,-0.7,-1.0,-0.7,-0.3,-0.7,-1.0,-0.7,-0.7,1.0,-1.0,-1.0,0.0,-1.0,-0.7
Akon,-0.3,0.7,-0.7,-0.3,-0.7,-0.7,-0.3,0.7,-0.3,-0.3,-0.7,0.0,0.0,-0.7,0.0,-1.0,0.0,0.0,-0.7,-0.3,-0.3,-0.7,1.0,-1.0,-0.3,0.0,0.0,-1.0
Makizo Aramaki,-0.3,0.0,-1.0,-1.0,-0.7,-1.0,-0.3,1.0,-0.7,-0.7,-0.3,0.0,0.7,-1.0,0.0,-1.0,-0.7,-0.3,-0.3,-0.3,-0.3,-0.7,0.0,0.0,-1.0,-0.3,0.0,0.0
Yumichika Ayasegawa,0.0,0.7,-1.0,-0.3,-0.7,-0.3,0.0,0.3,-0.7,-0.7,-0.7,-1.0,0.7,-0.3,-0.7,-0.3,-1.0,-0.3,-1.0,-0.3,-1.0,-0.3,0.7,-0.7,-0.3,-1.0,0.0,-0.3
Shinobu Eishima,0.0,0.0,-0.3,0.0,-1.0,-0.7,-0.7,0.0,-1.0,-0.7,0.0,-0.3,1.0,-0.7,0.0,-1.0,-0.7,-1.0,-0.3,-0.3,-1.0,-0.7,0.3,0.0,-0.7,-0.7,-1.0,-0.7
Tatsufusa Enjoji,0.0,-1.0,-1.0,-0.3,0.0,-0.7,-1.0,0.0,-0.3,-1.0,-0.3,-0.7,0.7,-1.0,-0.7,0.0,-0.7,-0.3,-0.3,-0.3,0.0,0.0,0.7,0.0,-0.3,-0.3,0.0,0.0
Taketsuna Gori,-0.7,0.3,-0.3,-0.7,0.3,0.0,-0.7,1.0,-1.0,0.0,-0.3,-1.0,0.0,-0.3,-0.3,-1.0,-0.7,0.0,0.0,-0.7,-1.0,-0.7,0.7,-1.0,-1.0,0.0,-1.0,0.0
Goteitaishi,0.0,0.3,-0.3,0.0,-1.0,-1.0,-1.0,1.0,-1.0,0.0,-0.7,-0.3,0.7,-0.3,-1.0,-0.3,-0.7,-0.7,-0.3,0.0,-0.3,-1.0,1.0,-1.0,0.0,0.0,-0.3,0.0
Kirio Hikifune,0.3,-1.0,-0.7,-1.0,-0.7,-1.0,-0.7,0.0,-1.0,0.0,-0.3,-0.7,0.3,-0.3,0.7,-1.0,-0.3,0.0,-0.3,0.0,0.0,0.0,0.7,0.0,-1.0,-0.3,-0.7,-0.7
Momo Hinamori,0.3,0.3,0.0,-0.3,-0.7,-1.0,-1.0,0.0,-1.0,0.0,-1.0,-0.7,0.7,-0.7,-0.3,-1.0,0.3,0.0,-1.0,-0.7,-0.7,0.0,0.0,-0.7,-0.7,0.0,-0.3,-1.0
Shuhei Hisagi,-0.7,1.0,0.0,0.0,-0.3,-0.3,0.0,1.0,0.0,0.0,-0.3,-1.0,0.0,0.0,0.0,-1.0,0.3,-0.3,0.0,-0.3,-0.3,-0.3,1.0,-0.3,0.0,-1.0,-0.3,-0.7
Hiyosu,-0.7,0.0,0.0,-1.0,0.7,0.0,0.0,0.0,-0.7,-0.3,-0.3,-1.0,0.3,-1.0,-0.7,0.0,-0.3,-1.0,-0.3,-1.0,0.0,0.0,0.7,-1.0,-0.7,-1.0,0.0,0.0
Ichibe Hyosube,-1.0,0.3,-1.0,-0.7,-1.0,-0.3,-0.3,0.3,-0.7,0.0,-0.7,-0.3,0.0,-1.0,0.0,-0.3,0.0,0.0,-1.0,0.0,-0.7,-0.7,0.0,-0.3,-0.3,-1.0,-0.7,0.0
Chikane Iba,0.3,0.0,-1.0,-1.0,-0.3,-1.0,-0.7,1.0,-0.3,-0.7,-0.3,-1.0,0.0,-0.3,-1.0,0.0,-0.3,-0.7,-0.7,-0.7,0.0,-0.7,0.7,-1.0,0.0,-0.7,0.0,-0.3
Tetsuzaemon Iba,-1.0,0.3,-0.3,-0.7,1.0,-0.3,0.0,0.3,-0.3,-0.7,-0.7,-1.0,1.0,0.0,0.0,-1.0,1.0,-0.7,-1.0,-0.3,-0.7,-1.0,0.0,0.0,-0.7,-1.0,0.0,0.0
Yasochika Iemura,-0.3,-0.7,-1.0,-0.3,0.3,0.0,-0.3,0.3,-0.7,0.0,-1.0,1.0,0.0,-0.7,0.0,-0.7,-0.3,0.0,0.0,-1.0,0.0,-0.7,1.0,-0.3,0.0,-0.3,0.0,-1.0
Jirobo Ikkanzaka,0.0,-0.3,-0.7,0.0,-0.7,-0.3,-0.7,0.0,1.0,-0.3,-1.0,-1.0,0.0,-0.3,0.0,0.0,-0.3,0.0,-0.3,-0.7,0.0,-1.0,0.0,0.0,-0.7,0.0,-0.7,-0.7
Nanao Ise,0.7,0.3,-0.7,0.0,0.7,0.0,-0.3,1.0,-0.3,-1.0,-0.3,-0.3,0.7,-0.3,1.0,0.0,0.7,-1.0,0.0,-0.3,-1.0,0.0,0.7,-1.0,-1.0,0.0,0.0,-0.7
Kinroku Izuhara,0.0,0.7,0.0,0.0,0.7,-0.7,-0.3,0.0,-0.7,-0.3,-0.7,0.0,0.3,0.0,0.0,-0.3,0.0,-0.3,-0.3,-1.0,0.0,-0.7,1.0,-0.3,-0.3,-0.3,-0.3,0.0
Hidetomo Kajomaru,-0.7,0.0,-0.7,-1.0,0.7,-0.7,-0.3,0.3,-1.0,0.0,0.0,-0.3,1.0,-1.0,0.0,0.0,-0.3,0.0,0.0,-0.3,0.0,-1.0,0.0,-1.0,-1.0,-1.0,0.0,-1.0
Kakyo,1.0,0.3,-0.3,-0.3,-0.3,-1.0,-0.3,-0.7,-1.0,0.0,-0.3,-0.7,-1.0,0.0,-0.7,0.0,-0.3,0.7,-0.3,0.0,-0.3,0.0,0.3,-0.7,-1.0,-0.3,-1.0,-1.0
Heizo Kasaki,-0.7,-0.3,-0.3,-1.0,-0.7,0.0,-0.3,0.3,-0.7,-0.3,0.0,-0.3,0.3,-0.3,-0.7,-0.3,-1.0,0.0,-1.0,-0.7,-0.3,-0.7,0.7,-0.3,-1.0,0.0,-0.7,-0.7
Asuka Katakura,0.0,0.0,-1.0,-0.7,-1.0,0.0,-0.7,0.3,-0.3,-0.7,-1.0,0.0,0.3,0.0,0.0,-0.3,-1.0,-1.0,0.0,-0.3,-1.0,-0.7,1.0,-0.3,-1.0,-1.0,-0.3,0.0
Batsu'unsai Katori,0.7,0.0,0.0,-0.3,1.0,-0.3,0.0,1.0,-1.0,-0.3,0.0,-1.0,0.0,0.0,0.0,-0.3,-1.0,1.0,-0.7,0.0,-1.0,-0.7,0.3,-0.7,-0.3,-1.0,-1.0,-0.3
Kenpachi Kiganjo,-0.7,0.0,-0.7,0.7,0.0,-0.7,-1.0,0.3,-0.3,-0.3,-0.3,-0.7,0.7,0.0,0.7,-1.0,0.0,0.0,0.0,-1.0,-0.3,-0.3,0.7,0.0,-0.3,-0.3,-1.0,-1.0
Izuru Kira,0.0,-0.7,-1.0,-1.0,-0.7,-0.7,-1.0,0.0,-0.7,-0.7,-0.7,-0.7,0.0,-0.3,-0.7,0.0,1.0,-0.7,-0.7,-1.0,-0.7,-0.3,0.3,-1.0,-1.0,-1.0,-0.3,0.0
Tenjiro Kirinji,-0.3,1.0,-1.0,0.0,0.0,-0.7,-0.3,1.0,0.0,-0.3,-1.0,0.0,0.0,-1.0,1.0,-0.3,-0.7,-1.0,-0.7,0.7,-1.0,-1.0,0.7,-1.0,-0.3,-0.7,-0.3,0.0
Isane Kotetsu,0.0,0.0,-1.0,-0.3,-1.0,-0.3,-0.7,0.7,-0.7,0.0,-0.3,1.0,0.7,-0.3,0.3,0.0,0.3,-0.7,0.0,-0.3,0.0,-0.7,0.0,-0.3,0.0,-1.0,-0.3,-1.0
Kiyone Kotetsu,1.0,-0.7,-0.7,0.0,-1.0,-0.3,0.0,0.3,-0.7,-1.0,-0.3,-0.3,0.7,-0.7,-1.0,-0.3,0.3,-0.7,0.0,-0.3,-0.3,0.0,0.7,-0.3,-0.3,-0.3,-0.3,0.0
Jinemon Kotsubaki,0.0,1.0,0.0,0.7,-0.7,0.0,-1.0,0.3,-0.7,-0.3,-0.7,0.0,1.0,-0.3,0.0,-0.3,-0.3,-0.3,-1.0,0.0,-0.7,-0.7,1.0,0.0,-0.7,-0.3,-0.3,0.0
Sentaro Kotsubaki,-0.7,1.0,-1.0,0.0,0.0,-1.0,0.0,1.0,-0.7,-1.0,-0.7,-0.3,1.0,-0.7,-0.7,0.0,0.3,0.0,0.0,-0.7,-1.0,-0.7,1.0,-0.7,-0.7,-0.3,0.0,0.0
Ginrei Kuchiki,-0.3,0.3,-0.3,-1.0,-1.0,0.0,-0.3,0.0,-1.0,0.0,-1.0,-0.7,0.3,0.0,0.7,0.3,-0.3,-1.0,-1.0,0.7,0.0,-0.7,0.0,-1.0,-0.3,-0.3,-0.7,-0.7
Sojun Kuchiki,0.0,0.7,-1.0,-0.3,0.0,-0.7,-0.7,0.0,-0.3,-0.3,-1.0,-0.3,1.0,0.0,-0.7,0.0,-0.3,1.0,-0.3,-0.7,-1.0,-1.0,0.0,-1.0,-1.0,-0.7,-0.7,0.0
Entetsu Kumoi,0.0,0.0,0.0,0.0,0.0,-1.0,-1.0,1.0,-0.3,-0.7,-1.0,0.0,0.3,-0.7,-0.3,0.0,-1.0,0.7,-0.3,-0.3,-1.0,-0.3,0.3,-0.7,0.0,0.0,-0.3,0.0
Niko Kuna,0.7,-0.3,0.0,0.0,1.0,0.7,-0.3,0.7,-0.7,0.0,0.0,0.0,0.3,0.0,-1.0,-1.0,-0.3,-1.0,0.0,-0.3,-0.7,-1.0,0.0,-0.3,-0.7,0.0,0.0,-0.3
Isshin Kurosaki,-0.7,0.7,-0.3,0.0,0.0,-1.0,-1.0,0.3,-0.3,-0.7,-0.3,-1.0,0.3,-1.0,0.3,0.0,-0.3,-0.3,-0.7,1.0,-0.3,-0.3,0.7,-0.3,0.0,-1.0,0.0,0.0
Zennosuke Kurumadani,-1.0,0.0,-1.0,0.0,-0.3,0.0,-0.7,0.7,-0.7,-0.7,0.0,0.0,0.7,-1.0,-0.7,-0.7,0.0,0.0,-0.7,0.0,-1.0,0.0,1.0,-0.3,-0.3,0.0,0.0,-0.7
Yachiru Kusajishi,0.0,-0.7,-1.0,-0.3,-1.0,0.0,-1.0,1.0,0.0,-0.3,-0.7,-1.0,1.0,-0.3,0.0,-0.7,0.7,-0.7,0.0,0.0,0.0,-0.7,0.0,0.0,-0.7,0.0,-0.3,-1.0
Shunzan Kyoraku,-1.0,1.0,-0.3,0.0,0.0,-0.3,0.0,1.0,0.0,-0.7,-1.0,-0.7,0.3,-0.7,-0.7,0.7,-0.3,0.0,-0.3,-0.3,0.0,-1.0,1.0,-1.0,-0.7,0.0,0.0,-1.0
Ikkaku Madarame,0.0,-0.7,-0.3,-0.3,0.0,-0.3,0.0,1.0,-0.3,-0.3,-0.3,0.0,0.0,0.0,-0.3,-0.3,0.7,-0.3,1.0,-1.0,-0.3,-0.3,0.0,-0.3,-1.0,0.0,0.0,0.0
Shino Madarame,0.0,0.3,0.3,-1.0,-1.0,-0.7,-0.7,0.3,-1.0,0.0,0.0,-0.3,0.0,0.0,0.0,0.0,-1.0,-0.3,-1.0,-1.0,-0.7,-0.7,0.0,-0.7,0.0,-0.3,-0.3,-1.0
Oetsu Nimaiya,0.0,0.0,-0.7,0.0,0.0,0.0,-0.3,0.7,-0.3,0.0,0.0,-0.7,0.3,-0.7,0.0,0.0,-1.0,-0.7,0.0,0.0,-0.3,0.0,0.7,-0.3,-1.0,-0.3,-1.0,-0.7
Danjirō Obana,-1.0,0.0,-1.0,0.0,0.0,0.0,0.0,1.0,0.0,-0.3,-0.7,-0.7,1.0,0.0,-0.3,0.0,-0.3,0.0,-1.0,-0.7,-0.3,0.0,1.0,-1.0,0.0,-0.3,-0.7,0.0
Harunobu Ogido,0.0,0.0,-0.7,-0.3,-0.3,-0.7,-0.3,0.0,-1.0,0.0,-0.7,0.0,1.0,-1.0,0.0,0.0,-1.0,0.0,0.0,-1.0,-0.3,0.0,0.3,-1.0,-0.3,0.0,-0.7,-0.3
Genshiro Okikiba,0.0,-0.7,0.0,-0.3,-1.0,-0.7,-0.7,1.0,-1.0,-0.7,-1.0,-0.3,1.0,0.0,-1.0,-1.0,-0.7,0.3,-0.3,-0.3,0.0,-0.3,1.0,-0.3,-0.7,-0.3,0.0,0.0
Atau Rindo,0.0,1.0,-0.3,0.0,-0.3,-0.3,-0.3,0.3,0.0,-0.7,-0.3,-0.7,0.3,-1.0,0.0,-0.7,-1.0,-0.7,0.0,-1.0,-1.0,-0.7,1.0,0.0,-1.0,-0.7,-0.3,-0.7
Furofushi Saito,1.0,-0.7,-0.3,-0.3,0.3,0.0,-0.7,0.7,0.0,-1.0,-0.7,-0.3,1.0,-0.3,-0.3,0.0,-0.7,0.7,0.0,-1.0,0.0,0.0,1.0,-0.3,-0.7,0.0,0.0,-0.3
Saizo Sakahone,-0.7,-0.3,-0.3,0.0,0.0,-1.0,0.0,0.7,0.0,-0.7,0.0,-0.7,0.7,-0.7,-0.3,0.0,0.0,0.7,0.0,-1.0,-0.3,-1.0,0.7,0.0,-1.0,0.0,-0.3,0.0
Chojiro Sasakibe,-0.7,-0.7,-0.7,-1.0,-0.3,0.0,-1.0,1.0,0.0,0.0,-0.7,-0.7,1.0,-1.0,-0.7,-1.0,0.0,0.7,0.0,-0.7,-1.0,0.0,1.0,-0.7,0.0,0.0,0.0,-0.7
Kaien Shiba,0.0,1.0,-1.0,-0.7,-0.7,-0.3,-0.7,0.3,0.0,-0.3,-0.7,-1.0,0.0,-0.7,-0.3,1.0,0.3,0.3,-0.7,-1.0,-0.7,0.0,0.3,0.0,0.0,-1.0,-1.0,-0.3
Miyako Shiba,1.0,0.7,0.0,-0.3,-0.3,0.0,-0.7,1.0,-0.7,-0.7,-0.3,-0.3,1.0,-1.0,-0.3,0.0,-0.7,0.3,-0.3,-0.7,-1.0,-0.7,1.0,-0.3,-0.3,-0.3,-0.3,-1.0
Nobutsuna Shigyo,-0.7,1.0,-1.0,1.0,-0.7,0.0,-0.7,0.0,0.0,-0.7,0.0,-0.3,0.0,0.0,-0.3,-0.7,0.0,0.7,-0.7,-1.0,-1.0,-0.3,0.3,-0.7,0.0,-0.3,-1.0,-0.3
Chika Shihoin,-0.7,0.3,0.0,-1.0,-0.7,-1.0,0.0,0.0,0.0,-1.0,-0.3,0.0,0.3,-1.0,-0.3,1.0,0.0,0.7,-0.7,0.0,-0.7,0.0,0.3,-1.0,-0.7,-0.3,0.0,0.0
Chigiri Shijima,-0.7,-0.7,-1.0,-1.0,-0.7,-1.0,-0.7,0.3,0.0,0.0,0.0,-1.0,0.0,0.0,-1.0,0.0,-1.0,0.7,-1.0,-0.3,-0.3,-0.7,0.3,-0.7,-1.0,-0.7,0.0,-1.0
Senjumaru Shutara,0.7,0.0,-1.0,-0.7,-0.7,-1.0,-0.7,1.0,-1.0,-0.7,0.0,-0.3,0.3,-0.3,0.3,-0.7,-0.3,-0.3,0.0,0.3,-0.7,0.0,0.0,-0.7,-0.3,-0.7,-0.7,-1.0
Sui-Feng,0.7,0.0,-1.0,-0.7,-0.3,-0.3,-1.0,0.7,-0.3,-0.3,0.0,-0.7,1.0,-0.3,0.0,-0.7,1.0,-0.3,-0.3,-0.3,-1.0,-0.7,0.0,0.0,-0.3,-1.0,-1.0,-0.7
Kokichiro Takezoe,0.0,1.0,-0.7,-0.7,0.0,-0.7,-0.3,0.0,-0.7,-0.3,-0.7,0.0,0.3,0.0,-0.7,-0.3,-0.3,-0.7,-1.0,0.0,0.0,0.0,0.0,-0.7,-0.7,0.0,0.0,0.0
Izaemon Todo,-0.3,0.3,0.0,0.0,0.0,-0.3,0.0,0.3,-1.0,-1.0,-0.7,-0.3,1.0,-0.7,-1.0,-1.0,-1.0,-0.3,-0.7,-1.0,-0.7,-0.3,0.0,-0.3,-0.7,-1.0,-0.7,-0.3
Riku Togakushi,-0.7,-1.0,-1.0,-0.3,-0.7,-0.7,-0.7,0.3,-1.0,-0.7,-0.3,-0.7,1.0,-0.7,-0.3,-1.0,-1.0,0.3,-1.0,-0.7,-0.3,-0.7,1.0,-1.0,0.0,-0.7,-0.7,-0.3
Rin Tsubokura,0.3,-0.3,-0.3,-0.3,-1.0,1.0,0.0,0.7,-0.3,0.0,-0.3,-0.3,0.3,-0.3,-0.7,-0.3,1.0,-1.0,-1.0,-0.3,0.0,-0.7,0.3,0.0,-1.0,-0.7,0.0,-0.3
Tessai Tsukabishi,-1.0,0.0,0.0,-0.7,0.3,-1.0,-0.7,0.0,0.0,0.7,0.0,0.0,1.0,-0.3,0.3,-0.7,0.3,-0.7,-1.0,0.7,-1.0,0.0,0.7,0.0,0.0,-0.3,-0.3,-0.7
Toshimori Umesada,0.0,0.7,-1.0,-1.0,-0.7,-0.3,-0.7,0.0,-1.0,-0.7,0.0,-0.3,0.0,0.0,0.0,-0.7,0.0,0.0,-0.3,-0.3,-0.3,-1.0,0.0,-1.0,-0.7,-0.3,0.0,-0.3
Retsu Unohana,0.7,0.0,-1.0,-0.3,0.0,-0.3,0.0,1.0,-1.0,-0.7,0.0,0.7,0.7,-0.3,0.7,-1.0,0.7,0.7,-0.7,0.7,-0.7,-0.7,0.3,0.0,0.0,-0.7,0.0,-0.3
Hanataro Yamada,-0.7,0.3,0.0,-0.3,-0.7,-0.7,-1.0,0.7,0.0,-0.7,-0.7,0.3,0.3,-0.3,-1.0,-0.3,0.3,-0.7,0.0,-0.7,0.0,-0.3,0.3,-0.3,-1.0,-1.0,-0.7,-0.3
Seinosuke Yamada,-0.7,0.0,-0.3,-0.7,-0.7,-0.3,0.0,0.7,-0.3,-0.3,-0.7,1.0,1.0,-0.3,-1.0,-0.7,-0.3,-0.7,-1.0,-0.3,-0.3,0.0,0.0,-0.3,0.0,-0.7,-0.3,-0.3
Yuyu Yayahara,1.0,0.0,-0.7,-1.0,-0.7,0.0,-0.3,-1.0,-0.7,0.7,-0.3,-0.3,0.7,0.0,-0.3,-0.3,-1.0,-0.3,-0.3,-0.7,0.0,-0.7,1.0,-0.7,-0.3,-0.3,-0.3,-1.0
Rikichi Yuki,-0.3,0.3,-0.3,0.0,0.0,-1.0,-0.7,0.0,-0.7,-1.0,-0.3,-0.7,0.0,-1.0,0.0,-1.0,0.0,0.0,-1.0,-0.7,0.0,-0.7,0.0,-0.7,-0.7,-0.3,-0.7,0.0
Ryunosuke Yuki,0.0,0.7,-0.7,-0.7,-0.7,-1.0,-0.7,1.0,-1.0,-1.0,-0.7,-1.0,1.0,0.0,-1.0,-0.7,-1.0,-1.0,-0.7,-1.0,0.0,-0.7,0.7,0.0,-0.7,-0.7,-1.0,-0.3
Uhin Zenjoji,-0.7,0.3,-1.0,-0.3,-1.0,-0.7,-0.7,1.0,-0.3,-1.0,-1.0,-1.0,0.0,-1.0,0.0,-0.3,0.0,-0.3,-1.0,-0.7,-1.0,0.0,1.0,0.0,-0.7,-0.3,-1.0,-0.7
Loly Aivirrne,0.7,0.7,-0.7,-1.0,-0.7,0.0,-0.3,0.7,-0.3,-1.0,0.0,0.0,0.0,-1.0,-1.0,0.0,0.0,-0.7,0.0,-0.3,-0.3,-0.3,-1.0,-1.0,0.3,0.0,-0.7,-0.7
Luppi Antenor,0.0,0.3,-0.7,-0.7,-1.0,-0.7,-1.0,1.0,-1.0,0.0,-0.7,0.0,0.3,0.0,1.0,-1.0,0.0,1.0,-1.0,-1.0,-0.7,-1.0,-1.0,-0.3,0.3,-0.7,-0.7,-1.0
Emilou Apacci,1.0,1.0,-1.0,0.0,-0.7,-0.3,-0.7,0.0,-1.0,-0.7,-1.0,-0.7,1.0,-0.7,-0.7,0.0,0.0,-0.3,0.0,-0.3,0.0,-0.3,-1.0,0.0,0.7,0.0,-1.0,-0.7
Aaroniero Arruruerie,-0.3,-0.7,0.3,0.0,-0.3,-0.7,0.7,1.0,-0.7,-1.0,0.0,0.0,0.0,0.0,0.7,-0.7,0.3,1.0,-0.3,-0.7,-1.0,-0.3,-0.7,-0.3,0.3,-0.3,-0.7,-1.0
Dondochakka,-1.0,-1.0,0.7,-0.7,-0.7,-1.0,0.7,0.0,-0.3,0.3,-0.7,0.0,-0.3,-0.7,0.0,-0.7,0.0,-0.7,-1.0,-1.0,-1.0,-1.0,-1.0,-1.0,0.0,0.0,-0.7,-0.3
Findorr Calius,-1.0,-1.0,0.0,-0.3,0.7,-0.3,-0.3,0.3,-0.7,0.0,-0.7,0.0,0.3,-0.3,0.0,-1.0,0.7,0.7,0.0,-0.7,0.0,-1.0,0.0,-0.3,0.0,-0.7,-0.3,-1.0
Rudbornn Chelute,0.0,-0.3,0.3,-0.7,-0.3,-1.0,1.0,0.0,-0.3,-0.3,1.0,-0.3,0.3,0.0,1.0,-0.3,0.3,-0.7,-0.7,-0.3,-0.3,-0.7,-1.0,-0.7,1.0,-1.0,-1.0,-0.3
Charlotte,0.0,0.0,0.0,-0.7,-1.0,-1.0,-0.7,0.0,-0.7,-0.3,-0.7,0.0,0.3,-0.3,-0.7,-1.0,0.0,0.0,-0.7,-0.3,0.0,-0.3,-0.7,0.0,0.7,-0.3,0.0,-1.0
Ulquiorra Cifer,-1.0,1.0,-0.3,1.0,0.0,-0.3,-0.7,0.0,-0.7,-0.7,-0.7,-1.0,0.7,-1.0,0.7,0.0,0.3,0.7,0.7,0.0,-1.0,0.0,-0.3,0.0,0.3,-0.7,-1.0,0.0
Dordoni,-0.3,0.3,-0.3,0.0,-0.3,0.0,0.0,1.0,0.0,-0.7,-1.0,-1.0,1.0,-1.0,-1.0,-0.3,0.3,1.0,0.0,-0.7,0.0,-1.0,-1.0,-0.3,0.0,-1.0,-0.7,-0.3
Asguiaro Ebern,-1.0,0.0,-1.0,-1.0,-0.3,-0.7,0.0,0.0,0.3,-0.3,-1.0,-0.3,1.0,0.0,-0.3,0.0,0.0,0.3,-1.0,-0.7,0.0,-0.7,-0.7,0.0,1.0,0.0,-0.3,-0.3
Luders Friegen,-0.7,0.0,0.0,0.0,-1.0,-0.7,0.0,-1.0,1.0,-0.7,-0.7,-1.0,0.0,-0.3,0.0,-0.7,-0.3,1.0,-0.3,-1.0,-1.0,-0.3,0.0,-0.7,1.0,-0.3,0.0,-0.3
Nnoitra Gilga,-0.7,0.3,-0.7,1.0,1.0,-1.0,-0.7,0.7,0.0,0.0,-0.3,0.0,0.3,0.0,1.0,0.0,0.7,0.0,1.0,-1.0,-1.0,0.0,-1.0,-0.3,0.0,-0.3,0.0,0.0
Lilynette Gingerbuck,0.0,-1.0,0.3,-1.0,0.7,0.3,-0.7,1.0,1.0,-0.7,-0.7,0.0,0.3,-0.3,0.0,0.0,0.7,0.7,-1.0,-0.7,-0.7,-0.7,-0.7,-0.3,0.0,-0.7,-1.0,0.0
Szayelaporro Granz,-0.3,0.0,-0.3,-0.3,0.3,0.0,-0.7,0.7,-1.0,-0.3,0.0,-1.0,0.7,-1.0,0.0,-1.0,1.0,0.3,-0.3,-0.7,0.0,0.0,-1.0,0.0,0.3,0.0,-0.7,-0.3
Yylfordt Granz,-0.7,0.0,0.0,-0.7,-0.7,-1.0,0.0,0.7,-0.7,0.0,-0.7,-0.3,0.7,-0.7,0.0,-1.0,0.7,0.3,-1.0,-0.3,-1.0,0.0,-0.7,0.0,0.3,-0.7,0.0,-1.0
Nakeem Grindina,-0.3,1.0,0.7,0.7,-1.0,-0.3,-0.7,-1.0,-1.0,0.0,-0.3,0.0,0.7,-1.0,-1.0,-0.7,0.3,0.3,-0.3,-1.0,-0.7,-0.7,-0.3,-0.3,0.7,-1.0,-0.7,-0.3
Pesche Guatiche,-0.3,-0.7,0.3,0.0,-0.7,-0.7,0.3,0.7,-0.7,0.0,0.0,-0.3,-0.3,-0.7,0.0,0.0,0.0,-1.0,-0.7,0.0,-1.0,-0.7,-0.3,-0.3,1.0,0.0,0.0,0.0
Tier Harribel,0.7,-0.3,-1.0,-0.7,-1.0,-0.3,-1.0,1.0,-0.7,-0.7,-0.3,-0.3,0.3,-1.0,1.0,-0.3,0.0,0.0,-1.0,-0.3,0.0,-1.0,-0.3,-1.0,0.3,-0.3,0.0,-0.3
Grimmjow,-0.3,-0.7,-0.3,-0.7,0.0,-0.7,-0.3,1.0,-0.7,0.0,0.0,-0.7,0.0,-1.0,0.7,-0.3,0.0,-1.0,0.7,-1.0,-1.0,0.0,0.0,0.0,0.3,-0.3,-0.7,-1.0
Shawlong Koufang,-0.3,0.0,0.0,0.0,-0.3,0.0,0.0,0.7,0.0,-1.0,0.0,-0.7,0.3,-0.3,-1.0,-0.3,0.7,1.0,-1.0,0.0,-0.7,-1.0,0.0,-1.0,0.3,0.0,-0.7,-1.0
Kukkapuro,-0.7,0.0,0.0,0.0,-1.0,-1.0,0.7,-1.0,0.0,-0.3,-0.7,-0.3,-1.0,-0.3,-0.3,-0.7,0.3,-0.7,-0.7,-0.7,0.0,0.0,0.0,-1.0,0.3,0.0,-0.3,-0.3
Tesra Lindocruz,-0.7,-1.0,-0.7,1.0,0.0,-0.3,-0.3,1.0,-0.7,-0.3,-0.3,-0.3,0.7,-0.3,-0.3,-0.3,0.0,1.0,-1.0,-1.0,-0.7,-0.7,-0.3,0.0,0.7,-0.7,0.0,0.0
Edrad Liones,-0.3,0.3,0.0,-1.0,-1.0,-1.0,-0.7,0.3,-0.7,0.0,-0.7,-0.7,1.0,-0.7,-0.3,0.0,0.3,1.0,-0.3,-0.7,-0.3,-0.3,-0.3,-0.3,0.7,-0.3,0.0,-0.7
Yammy Llargo,0.0,0.0,-0.3,0.3,-0.3,-1.0,-0.3,-1.0,-1.0,0.0,-1.0,-0.7,0.7,-0.7,1.0,-0.7,0.7,1.0,0.0,-0.3,-0.7,-0.7,-0.7,0.0,1.0,-0.7,-0.7,0.0
Baraggan,-0.7,-1.0,0.0,-0.3,-0.3,-0.3,0.0,0.7,0.0,-0.7,-1.0,-1.0,0.0,-0.7,0.0,-0.7,1.0,0.3,-0.3,-0.3,-0.7,-0.3,0.0,-1.0,0.3,0.0,-0.3,0.0
Lumina and Verona,0.0,-0.3,0.0,-0.3,0.0,0.3,0.7,0.0,-0.3,0.7,-0.7,-0.3,0.3,0.0,0.0,-0.7,0.3,0.0,0.0,-0.3,-0.3,0.0,-0.7,-1.0,0.7,-0.7,-0.3,0.0
Gantenbainne,-1.0,0.0,-0.7,-1.0,0.3,0.0,-1.0,-1.0,-0.3,0.7,-0.3,-1.0,1.0,-0.3,-0.7,-0.3,1.0,-0.7,0.0,-0.3,0.0,0.0,-1.0,0.0,0.3,-0.7,-1.0,-0.3
Menoly Mallia,0.7,-0.7,-0.7,-1.0,0.0,-1.0,-1.0,-0.7,-0.7,0.0,-0.3,-0.7,0.0,-0.7,-1.0,-0.7,0.7,0.3,-1.0,0.0,-0.3,-0.7,-0.3,-0.3,0.3,-1.0,-0.7,-0.7
Wonderweiss Margela,0.0,-1.0,-0.3,-1.0,-0.3,0.3,-0.7,0.3,-0.7,-0.3,-0.7,0.0,1.0,-0.7,-0.7,-0.3,1.0,0.3,-1.0,-1.0,-0.3,0.0,-0.7,-1.0,0.3,-0.7,-0.7,-1.0
Medazeppi,-0.7,-0.7,1.0,0.0,0.0,-1.0,0.3,-0.3,-0.7,0.3,-0.3,-1.0,0.0,-0.3,-0.7,-1.0,0.7,0.3,-0.3,0.0,-0.3,0.0,0.0,0.0,0.3,-0.3,-0.3,-0.7
Nelliel,1.0,0.0,0.3,1.0,-0.7,0.0,0.0,0.7,-1.0,-0.7,-1.0,0.0,0.0,-1.0,0.7,-1.0,1.0,-0.7,-1.0,-0.3,-1.0,-1.0,0.0,-0.3,0.7,-0.7,-0.3,-0.3
Roka Paramia,0.7,0.0,-0.3,-0.3,-0.7,-0.7,0.0,-0.7,-0.7,-0.7,-0.3,1.0,1.0,-1.0,-1.0,-1.0,0.7,0.0,-0.7,-0.3,-0.3,-1.0,0.0,-0.7,0.0,-1.0,-1.0,-1.0
Choe Neng Poww,-0.7,0.3,-0.3,1.0,0.0,-0.3,-0.3,0.3,0.0,-1.0,-1.0,-0.3,0.0,-0.7,-1.0,-0.7,0.0,0.3,0.0,0.0,0.0,-1.0,-0.7,0.0,0.0,-0.7,-1.0,-0.7
Nirgge Parduoc,0.0,0.0,0.7,-1.0,0.0,-0.7,0.7,0.3,-0.3,-1.0,-0.7,-0.7,0.3,-1.0,0.0,0.0,0.3,0.3,-1.0,-1.0,-0.7,-1.0,-0.3,0.0,0.3,-0.7,-0.7,-1.0
Abirama Redder,-1.0,1.0,0.0,0.0,0.0,-1.0,-0.3,0.3,0.0,0.0,-0.7,0.0,1.0,-0.3,-0.3,0.0,1.0,0.7,-0.3,-0.7,0.0,-1.0,-1.0,-1.0,1.0,0.0,-0.7,0.0
Di Roy Rinker,-0.3,-1.0,1.0,0.7,-0.7,0.0,-0.3,0.0,0.0,0.0,-0.7,0.0,1.0,-0.7,-0.7,0.0,0.0,0.7,-0.3,-1.0,-0.7,-1.0,-0.3,-0.3,1.0,-1.0,-0.7,0.0
Franceska Mila Rose,0.7,0.3,0.3,-0.7,-0.3,-0.3,-0.3,1.0,-1.0,0.0,0.0,0.0,1.0,-0.3,0.0,0.0,0.0,-0.3,-0.3,-1.0,-1.0,-0.3,-0.7,0.0,1.0,-0.7,0.0,-0.3
Zommari Rureaux,-0.7,-0.3,-0.7,0.0,0.0,-0.7,-0.7,1.0,-1.0,-0.3,-0.7,-0.3,0.3,-1.0,0.0,-0.7,0.3,0.7,0.0,0.0,-0.7,0.0,0.0,-0.7,1.0,-0.7,0.0,0.0
Cirucci Sanderwicci,0.3,-0.3,-0.3,-0.3,-0.7,0.0,-0.7,0.7,0.3,-1.0,-0.3,-1.0,0.3,-0.7,-0.7,-1.0,0.0,0.0,-0.3,-1.0,-1.0,-0.7,-0.3,-0.3,0.3,-0.7,-0.7,0.0
Coyote Starrk,0.0,0.0,-0.7,-1.0,0.0,-0.7,-1.0,1.0,1.0,0.0,0.0,-1.0,1.0,-0.7,0.3,-1.0,0.3,0.7,0.0,-1.0,-1.0,0.0,-1.0,-0.3,0.3,0.0,-1.0,-0.7
Cyan Sung-Sun,0.7,0.3,1.0,-0.3,-1.0,0.0,0.0,1.0,-1.0,-0.3,-0.7,-1.0,0.7,-0.7,-0.3,-0.3,1.0,0.0,-0.3,-1.0,-1.0,-1.0,-0.3,-0.7,0.3,-0.7,-1.0,-0.7
Ggio Vega,-1.0,0.3,0.3,-1.0,-0.3,0.0,0.0,0.0,-0.3,-0.7,-0.7,0.0,1.0,-0.7,-0.7,-1.0,0.0,0.3,-0.3,-1.0,-1.0,-1.0,0.0,0.0,0.3,-0.3,-0.7,-0.3
Aisslinger Wernarr,0.0,-1.0,0.3,-0.7,-0.7,-0.7,0.7,-0.3,-0.3,0.3,0.0,-0.7,0.0,-0.3,-0.3,-0.3,1.0,0.3,0.0,-1.0,0.0,-1.0,-0.3,-0.7,0.7,-1.0,-1.0,-0.7
Demoura Zodd,-0.7,-0.3,0.0,-1.0,-0.3,-0.7,0.0,-0.3,-0.7,1.0,-0.3,-0.3,0.0,-0.7,-0.3,-0.7,0.3,0.0,-1.0,-0.7,-0.3,-0.7,0.0,0.0,0.3,-0.3,-0.7,-1.0
Hironari Horiuchi,-0.3,0.3,-0.7,0.0,-1.0,-0.3,0.0,0.0,-1.0,-0.3,-1.0,-0.3,0.0,-1.0,-1.0,-0.3,0.0,-0.3,-0.7,-0.7,-0.3,-0.3,-0.3,-0.7,-1.0,-1.0,-1.0,0.0
Jidanbo Ikkanzaka,-1.0,-0.3,-1.0,0.0,-1.0,-0.3,-1.0,1.0,0.0,0.0,-0.3,-0.3,0.0,0.0,-1.0,-0.7,0.0,0.0,-0.3,-0.3,-1.0,-0.7,-1.0,-0.3,-0.3,-1.0,-0.7,-0.7
Isuzu Ise,0.7,0.7,-1.0,0.0,0.0,-0.7,-1.0,-0.7,-1.0,-1.0,-1.0,-0.7,0.3,0.0,-0.3,-0.7,-0.3,-0.3,-0.3,0.0,-0.3,0.0,-0.7,-1.0,0.0,0.0,0.0,0.0
Kazuo and Kazuhiro,-1.0,-0.3,-0.7,-0.3,0.0,-0.7,-1.0,0.0,0.0,0.0,-1.0,-0.3,0.7,-1.0,-0.3,-1.0,0.0,-0.3,-0.3,-0.3,-0.7,-0.3,-0.3,-1.0,0.0,-0.3,-1.0,-0.3
Koganehiko and Shiroganehiko,0.0,-1.0,-1.0,-0.3,0.0,0.0,-0.7,-0.3,0.0,0.3,-1.0,0.0,0.3,-1.0,0.0,0.7,0.7,-0.7,-1.0,-0.3,-1.0,0.3,-0.7,-0.3,-1.0,0.0,0.0,-0.3
Hisana Kuchiki,0.7,0.0,0.0,-0.7,0.0,-0.3,-0.3,-0.7,-0.7,0.0,-1.0,-1.0,1.0,-0.7,0.0,0.3,0.0,0.0,-0.3,0.0,-0.7,0.0,-0.3,-0.3,-0.3,-0.3,0.0,0.0
Nobutsune Seike,-0.7,-1.0,0.0,-0.3,-0.3,0.0,0.0,0.3,0.0,-0.3,-0.3,-0.7,1.0,-0.7,-1.0,-0.7,-0.7,-0.7,-0.7,-0.7,-0.3,1.0,0.0,-0.7,0.0,-0.3,-0.7,-0.3
Ganju Shiba,0.0,0.3,0.0,-0.7,-0.3,0.0,-1.0,1.0,1.0,-0.7,0.0,0.0,0.0,-1.0,-0.7,0.0,0.3,0.0,-0.3,-0.7,-1.0,-1.0,-1.0,-0.7,-0.7,-0.3,-0.3,-0.3
Kukaku Shiba,0.7,1.0,-1.0,-0.7,-0.7,0.0,0.0,0.3,0.0,0.0,-0.7,0.0,-1.0,-0.7,0.0,0.0,0.0,0.0,-1.0,0.3,-0.7,-1.0,-1.0,-0.7,-0.3,-1.0,-0.3,0.0
Yuichi Shibata,-0.7,-0.7,0.0,-0.7,-0.3,1.0,0.0,-0.7,-0.7,-1.0,-0.3,-1.0,0.0,-0.7,-1.0,-0.3,1.0,-0.3,-1.0,0.0,0.0,-0.3,0.0,-0.7,-0.3,-0.3,-0.3,0.0
Yushiro Shihoin,-0.3,1.0,-0.3,-1.0,0.0,1.0,-1.0,0.7,-1.0,0.0,-0.3,-0.3,0.7,0.0,0.3,0.3,-0.7,-1.0,-0.7,-0.3,-0.7,0.0,-0.3,0.0,0.0,-1.0,-1.0,-1.0
Ayon,0.0,-0.7,-0.7,-0.7,-0.3,-0.3,0.3,-0.3,-0.7,1.0,-1.0,-0.3,0.0,-0.3,-1.0,-0.3,0.0,0.0,0.0,-0.7,0.0,-0.3,-0.3,-0.7,0.7,-0.7,-0.3,0.0
Bawabawa,-0.7,-0.7,-1.0,-0.3,-0.7,-0.7,0.0,-1.0,-1.0,0.3,-0.3,-1.0,-0.7,-1.0,-0.3,-1.0,-0.3,-0.3,-0.7,0.0,-1.0,-0.7,-0.7,0.0,0.3,-0.7,-0.3,-0.7
Bulbous G,-0.3,-0.3,-0.3,-1.0,-0.3,0.0,0.0,0.0,-0.3,0.3,-0.7,-0.3,-0.3,-1.0,0.0,0.0,0.3,0.3,-0.3,-0.3,-0.3,0.0,-0.7,0.0,1.0,-0.3,0.0,-0.7
Cuerno,-0.7,-0.3,-0.7,0.0,0.0,0.0,1.0,-1.0,-1.0,1.0,-0.7,-0.3,0.0,-0.3,-0.3,0.0,0.0,0.0,-1.0,-0.7,-0.7,-0.7,-0.7,-0.3,0.3,-1.0,0.0,-0.7
The Demi-Hollow,-0.7,0.0,0.0,-1.0,-1.0,0.0,1.0,-0.7,-0.7,0.3,-0.7,0.0,-0.3,-0.3,-1.0,-0.7,0.3,0.0,0.0,-1.0,-0.3,-0.3,-0.7,-1.0,0.0,-0.3,-1.0,-0.7
Fishbone D,-0.3,-0.3,-0.7,-1.0,0.0,-0.7,1.0,0.0,0.0,0.3,-1.0,-1.0,-0.7,-0.7,-0.3,0.0,1.0,0.7,0.7,-0.7,-0.7,-0.3,-0.3,-0.3,0.7,-1.0,-0.7,-0.3
Grand Fisher,-1.0,-0.7,-1.0,1.0,0.0,-0.3,0.0,-0.7,-0.3,0.7,-1.0,-0.7,-1.0,-0.7,-1.0,-0.7,0.3,0.0,0.3,-0.7,-0.3,0.0,0.0,-0.7,0.7,0.0,-0.3,-0.7
Hooleer,-0.3,-0.7,-0.7,0.0,-1.0,-0.7,0.7,-1.0,1.0,-0.7,-0.3,-1.0,1.0,0.0,-1.0,-1.0,0.0,1.0,-0.3,0.0,-1.0,-0.3,-0.7,0.0,0.7,-0.7,-0.3,-0.7
Hexapodus,-1.0,0.0,-0.7,-0.7,-0.3,-0.3,0.7,-1.0,-0.7,0.3,-0.3,-0.3,0.0,-1.0,-0.3,-1.0,0.0,0.0,-1.0,0.0,-0.3,0.0,-0.7,-1.0,0.7,-1.0,-0.3,-1.0
The Menos Grande,-1.0,-0.3,0.3,-1.0,-1.0,-0.7,0.7,-0.3,0.0,0.0,-0.7,0.0,1.0,-0.3,-0.3,0.0,0.7,1.0,-0.3,-1.0,-1.0,-0.3,-0.7,-0.7,0.0,-0.7,-1.0,0.0
Metastacia,-0.7,0.0,-0.3,-0.7,-0.7,-1.0,0.3,-0.3,-0.3,0.3,0.0,0.0,-0.3,-0.3,-0.7,-1.0,0.7,0.7,0.0,-0.3,-0.3,-0.7,-0.3,-0.3,0.0,-0.7,-1.0,-0.3
Numb Chandelier,-0.3,-1.0,-1.0,-1.0,-0.7,0.0,0.0,-0.7,0.3,0.0,-0.7,-0.7,-1.0,0.0,-0.7,-0.3,0.7,1.0,-0.7,-1.0,-0.7,0.0,-0.3,-1.0,0.7,0.0,0.0,-0.3
Runuganga,-0.3,0.0,0.0,-0.7,-0.7,-0.3,0.3,-0.7,0.0,0.3,-0.7,-0.3,0.0,-1.0,-0.3,-0.7,-1.0,0.3,-0.3,-0.3,-0.7,-1.0,0.0,0.0,0.0,-1.0,-0.3,0.0
Shrieker,0.0,0.0,0.0,-0.3,-0.3,-0.7,0.0,-0.3,0.7,-1.0,0.0,0.0,-0.7,-1.0,-0.7,-1.0,1.0,1.0,0.3,-1.0,-0.7,-0.7,0.0,0.0,1.0,-0.3,-0.7,0.0
White,-1.0,-0.3,-1.0,-0.7,-0.7,0.0,0.0,0.3,-0.7,-0.3,-0.3,-0.3,-0.3,0.0,-0.3,-1.0,-0.7,0.3,1.0,-1.0,0.0,-1.0,-0.7,-0.7,0.0,-0.7,-0.3,-0.3
Zonzain,-0.7,-0.7,0.0,-1.0,0.0,-1.0,0.7,-0.7,0.0,0.7,-0.3,-1.0,0.0,-0.7,-1.0,-0.7,0.7,1.0,-0.7,-1.0,-0.3,-0.3,0.0,0.0,0.0,0.0,-1.0,-0.3
Robert Accutrone,-0.3,-0.3,0.0,0.0,0.3,-1.0,-0.3,-0.7,1.0,-0.3,0.0,0.0,0.3,0.0,0.0,-1.0,-0.7,0.3,0.0,-0.3,-1.0,0.0,-0.7,1.0,-1.0,-1.0,-0.7,0.0
Lille Barro,0.0,-1.0,0.3,-0.7,0.0,-0.3,-0.7,-0.7,1.0,0.0,-0.7,0.0,0.3,0.0,0.7,-0.7,-0.7,0.7,-1.0,-1.0,0.0,-1.0,-1.0,0.0,-0.7,0.0,-0.7,-1.0
Bambietta,0.7,0.7,0.7,-1.0,0.0,-0.7,0.0,1.0,0.0,-0.3,-1.0,-0.3,0.3,-0.3,1.0,0.0,0.0,0.7,-0.7,-0.3,-1.0,-0.3,-1.0,0.0,-1.0,-1.0,0.0,-0.3
Bazz-B,-1.0,-0.7,-0.7,0.3,-0.3,-0.7,-1.0,-1.0,0.0,-1.0,-1.0,-0.3,0.0,-0.3,-1.0,-0.3,-0.7,0.3,-0.7,-0.7,-0.3,0.0,-0.7,0.7,-0.7,-0.3,-0.3,-0.7
Driscoll Berci,0.0,1.0,-0.7,-1.0,0.0,0.0,-0.3,0.0,0.3,-1.0,0.0,0.0,0.0,-0.3,-0.7,0.0,-0.7,0.7,-0.7,0.0,-0.3,0.0,-0.7,0.0,-0.7,-0.7,-0.3,0.0
BG9,0.0,-0.7,1.0,0.0,-0.3,-1.0,0.3,-1.0,1.0,0.0,0.0,-1.0,0.7,-1.0,-0.3,-1.0,-0.3,0.7,-0.3,-1.0,0.0,-1.0,-0.7,0.0,-0.7,-0.7,-0.7,-0.3
Candice Catnipp,0.0,-0.7,0.0,-0.7,-0.7,-0.7,0.0,-0.3,0.3,0.0,-1.0,-1.0,0.7,-1.0,-0.7,-1.0,0.0,0.0,-0.3,-0.7,-0.3,-1.0,-0.7,0.0,-0.3,-0.7,-1.0,-0.3
Nikita Deslock,0.0,0.0,1.0,-0.3,-1.0,0.0,-0.3,-0.7,0.0,0.0,-0.3,-0.3,0.3,-0.7,0.0,-1.0,-0.3,0.7,-0.7,-0.7,-0.3,-0.3,0.0,0.0,0.0,-0.3,-0.3,-1.0
Shaz Domino,-0.7,-1.0,-0.3,0.3,0.7,-0.3,-0.7,-0.7,0.7,-0.3,-1.0,-1.0,0.3,-1.0,-0.7,0.0,0.0,0.7,-0.3,-1.0,-0.3,-1.0,-0.3,0.3,0.0,-1.0,-0.3,0.0
Cang Du,-0.3,0.0,-0.7,-0.3,-1.0,0.0,-0.3,1.0,-0.7,-0.3,-0.3,-1.0,0.3,-1.0,0.0,0.0,0.0,0.0,-1.0,0.0,0.0,-0.3,0.0,0.0,-1.0,-1.0,-1.0,-1.0
Berenice Gabrielli,0.0,-1.0,-0.3,-0.7,-0.7,0.0,0.0,-0.3,1.0,-0.7,-1.0,0.0,0.7,-0.3,-0.7,0.0,-0.7,0.7,0.0,0.0,-1.0,-1.0,-0.3,0.7,0.0,0.0,0.0,-1.0
Giselle Gewelle,0.3,1.0,0.3,-0.7,0.0,0.0,-0.3,-1.0,0.7,-0.7,0.0,0.3,0.0,0.0,0.0,-0.3,-0.7,0.7,0.0,0.0,0.0,-0.7,-1.0,1.0,-0.7,-0.7,-0.7,-1.0
Jerome Guizbatt,-0.7,1.0,-0.7,-0.3,0.0,-0.3,1.0,-0.7,1.0,-0.3,-0.7,-0.7,0.7,-1.0,0.0,0.0,0.0,0.7,-1.0,-0.3,-0.3,-1.0,-1.0,0.3,-0.7,-0.7,-0.3,-0.3
Jugram Haschwalth,-0.7,0.0,-0.3,-1.0,-0.7,-0.3,0.0,0.0,0.3,-0.7,-0.7,-0.3,1.0,-0.3,0.7,0.3,-0.7,0.0,0.0,-1.0,-0.3,0.0,0.0,0.3,-1.0,-0.3,-0.7,-0.7
Izumi Ishida,1.0,1.0,0.0,0.0,-1.0,-1.0,-0.3,0.0,0.7,-0.3,0.0,-1.0,-0.3,0.0,-1.0,0.0,0.0,-0.7,-1.0,0.0,0.0,-0.7,-1.0,0.0,0.0,-1.0,-1.0,-0.7
Ryuken Ishida,0.0,0.0,-0.3,-0.7,0.7,-0.7,-0.3,0.0,0.0,-1.0,0.0,-1.0,-0.7,-1.0,0.0,1.0,0.3,-0.7,0.0,0.3,0.0,-0.7,0.0,0.0,-1.0,-1.0,0.0,-0.7
Soken Ishida,-0.3,-0.7,-1.0,-0.7,0.3,-1.0,0.0,-1.0,1.0,-0.7,-0.7,0.0,0.0,-0.3,-0.7,0.3,1.0,0.3,-1.0,0.7,0.0,-1.0,0.0,0.0,-0.7,-1.0,-0.7,-0.7
Uryu Ishida,-1.0,0.3,-0.3,-0.3,0.7,-0.3,-0.7,0.0,0.3,-1.0,-1.0,-0.3,0.7,-0.3,0.3,1.0,0.7,-0.7,0.3,-1.0,-1.0,0.0,-0.3,1.0,-0.3,-0.7,-0.7,-0.3
James,0.0,0.0,-0.3,0.0,0.0,0.7,-0.7,-1.0,-1.0,0.3,0.0,0.7,0.0,-0.7,0.0,0.0,-0.3,0.0,-1.0,-0.3,-0.7,-0.7,-0.7,0.0,0.0,-0.7,-0.7,0.0
Kanae Katagiri,1.0,1.0,-0.3,0.0,-0.3,-0.3,-0.3,-0.3,0.7,0.0,-0.3,-0.3,-0.3,-0.7,-0.7,-1.0,-0.3,0.7,-0.3,-0.7,-1.0,-1.0,0.0,0.7,-0.3,-0.3,-0.3,-0.3
Huburt Kleich,-0.3,1.0,-1.0,-0.7,-0.3,-1.0,0.0,-0.3,0.0,-1.0,-0.7,-0.3,0.0,-0.7,-1.0,-0.3,-0.3,0.3,-0.7,-1.0,-0.7,-0.7,-1.0,1.0,0.0,0.0,-0.3,-1.0
Masaki Kurosaki,0.0,0.0,-1.0,-0.7,-0.7,-0.7,-1.0,-1.0,0.3,-1.0,0.0,-0.7,-0.3,0.0,-0.3,0.0,0.0,0.0,-0.7,-1.0,0.0,-0.3,-0.7,0.7,-1.0,-0.3,-0.7,-0.7
Liltotto Lamperd,0.3,-0.7,0.0,-0.7,0.0,0.3,0.0,-1.0,-0.7,0.0,-0.3,-0.3,0.0,-0.7,-0.7,-1.0,-0.7,1.0,-0.3,-0.3,-0.3,-0.3,-1.0,1.0,0.0,0.0,-0.7,0.0
Algora Lallau,0.0,-0.3,-1.0,0.0,-0.7,-1.0,0.0,-0.3,1.0,-0.7,0.0,-0.3,1.0,-1.0,0.0,-1.0,0.0,1.0,-0.7,-0.3,-0.3,-0.3,-1.0,1.0,-0.3,0.0,-0.7,-0.3
Guenael Lee,-0.3,-0.7,-0.7,-0.7,1.0,-0.3,1.0,-1.0,0.7,-1.0,0.0,0.0,0.3,-1.0,-0.3,0.0,-0.3,0.3,-0.7,-0.3,0.0,-0.7,0.0,0.7,-0.7,-1.0,-1.0,-1.0
Loyd Lloyd,-1.0,-0.7,0.0,1.0,0.0,0.0,-0.7,-1.0,0.7,-1.0,0.0,0.0,0.0,-0.7,-0.7,-0.3,0.0,0.0,-1.0,0.0,0.0,0.0,-0.7,0.0,-0.7,-1.0,-0.7,0.0
Royd Lloyd,-0.7,-1.0,0.0,0.3,-1.0,-1.0,-0.7,-0.3,0.0,-0.3,-0.7,-0.7,0.7,-0.3,-0.7,-1.0,-0.3,0.7,0.0,-0.7,0.0,-0.7,0.0,1.0,-0.3,-1.0,-0.3,-1.0
Mask De Masculine,-0.7,-0.7,0.7,-0.3,-1.0,-1.0,-0.3,-0.3,0.0,0.3,-0.3,-0.3,0.3,-0.3,0.0,0.0,-0.7,1.0,-0.3,0.0,-0.7,-0.7,-1.0,0.7,-0.7,-0.7,-0.3,-0.7
Meninas McAllon,0.0,-0.7,0.3,0.0,-0.7,0.0,-1.0,-0.7,0.0,1.0,-0.3,-1.0,0.0,-0.3,-0.7,-1.0,-0.7,1.0,-0.7,0.0,-0.3,-0.3,-0.3,0.3,0.0,-0.7,-0.3,0.0
NaNaNa Najahkoop,-0.3,-0.7,0.7,-0.3,-0.7,-1.0,-0.3,0.0,0.3,-1.0,0.0,0.0,0.7,-0.7,-0.3,-0.3,-0.7,0.0,-0.3,-0.3,0.0,-1.0,0.0,0.3,-1.0,-1.0,0.0,0.0
Askin Nakk Le Vaar,-0.3,0.3,-0.3,-1.0,0.0,-1.0,-0.3,-0.7,0.7,0.0,-0.7,-0.3,1.0,-0.3,1.0,-0.3,0.0,0.3,0.0,0.0,-0.3,-0.3,-0.7,0.3,-1.0,-1.0,-1.0,0.0
As Nodt,-0.3,0.7,-0.3,-0.3,0.0,0.0,-0.3,-1.0,1.0,-1.0,-1.0,0.0,1.0,-0.3,-1.0,0.0,-1.0,0.7,-0.3,-1.0,-1.0,-1.0,0.0,0.3,0.0,-1.0,-1.0,-1.0
Quilge Opie,-0.3,-0.3,-0.7,0.0,1.0,-0.7,0.0,0.3,0.7,-0.7,0.0,-0.7,0.0,-1.0,0.3,-0.7,-0.7,0.7,0.0,-0.7,-0.7,-0.3,-1.0,0.3,-0.7,-0.3,-0.3,-1.0
Pernida Parnkgjas,0.0,0.0,0.0,-1.0,-1.0,0.0,0.7,0.0,1.0,-0.3,-1.0,0.0,1.0,0.0,0.7,-0.3,0.0,0.7,0.0,0.0,0.0,-0.3,0.0,1.0,-0.3,0.0,-0.7,0.0
Johann Seydlitz,0.0,-1.0,-1.0,0.0,0.7,-0.3,0.0,-1.0,0.3,-0.3,-1.0,0.0,1.0,-0.3,-0.7,-1.0,0.0,0.0,0.0,-0.3,0.0,-0.7,-0.3,0.0,0.0,-1.0,0.0,0.0
Gremmy Thoumeaux,-0.3,-0.7,0.3,0.0,0.0,0.3,0.0,0.0,1.0,-1.0,-0.7,0.0,0.7,-0.7,-1.0,0.0,-0.3,0.0,-0.3,0.0,-0.3,-1.0,-1.0,0.0,-0.3,-0.7,0.0,-1.0
Gerard Valkyrie,0.0,0.0,1.0,0.0,0.0,-1.0,0.0,0.7,-0.7,-0.3,-1.0,-0.3,0.3,-0.3,0.7,-1.0,-1.0,0.7,-0.3,-1.0,-0.7,-0.3,-0.7,0.3,0.0,-1.0,-0.7,-0.3
PePe Waccabrada,-0.7,-0.7,0.0,0.0,0.7,-1.0,-1.0,-0.7,1.0,-1.0,-0.7,-1.0,0.3,0.0,-0.3,-1.0,-0.7,0.0,-0.3,-0.3,-0.3,-0.3,-0.3,0.7,-1.0,0.0,-0.7,-1.0
Nianzol Weizol,-1.0,0.3,-0.7,-0.3,-1.0,-0.7,0.0,-0.3,0.7,-1.0,-1.0,-0.7,0.0,-0.3,-1.0,-1.0,0.0,1.0,-1.0,-1.0,-1.0,-0.3,0.0,0.0,-0.3,-0.3,-1.0,-1.0
Yhwach,-1.0,1.0,-1.0,-0.7,0.0,-1.0,0.0,1.0,1.0,-0.7,-1.0,0.0,1.0,0.0,0.7,0.3,-0.3,0.3,1.0,0.3,-0.3,-0.7,0.0,0.7,-1.0,-0.7,-1.0,-0.3
Soul King,-1.0,-0.7,-0.3,-0.7,-0.7,-1.0,1.0,-1.0,0.0,-0.3,-1.0,-0.3,-1.0,-0.3,0.3,-1.0,-1.0,0.0,-0.3,-0.3,-1.0,-0.3,-0.7,-0.7,-0.7,0.0,-0.3,0.3
Mimihagi,0.0,-1.0,-0.3,-1.0,0.0,0.0,1.0,-0.3,-0.7,-1.0,-0.3,0.0,-1.0,-0.3,0.0,-0.3,-0.7,0.7,-0.7,0.0,-0.3,-1.0,-1.0,-0.3,0.0,0.0,-1.0,0.3
Kon,-1.0,0.0,0.0,-1.0,0.0,0.7,0.7,0.0,-1.0,0.3,0.0,-1.0,-0.3,-0.3,-1.0,0.0,1.0,0.0,-0.3,0.7,-1.0,-0.7,-0.3,-0.7,-0.7,0.3,-1.0,-0.7
Jinta Hanakari,0.0,-0.7,-0.7,-0.3,-0.3,0.3,-1.0,-1.0,0.0,0.7,-0.3,-0.3,-1.0,-1.0,-1.0,0.0,0.0,-0.7,-0.3,0.0,0.0,1.0,-1.0,-1.0,-1.0,-0.3,0.0,-0.7
Ururu Tsumugiya,0.0,0.7,-0.3,-0.3,0.0,1.0,-0.3,-1.0,1.0,0.3,-0.3,-0.3,0.0,-0.3,-1.0,-1.0,0.3,-0.3,-0.3,0.0,1.0,0.7,-0.3,-0.7,-0.3,-0.7,-0.3,-0.3
Hyōrinmaru,-0.7,-0.7,-1.0,-0.7,-0.3,-1.0,1.0,0.0,-1.0,-0.3,-1.0,-0.7,-0.7,-0.7,-0.3,-1.0,-1.0,-1.0,-1.0,-0.3,0.0,0.0,-0.3,-1.0,-0.3,-1.0,0.7,-0.3
Katen Kyōkotsu,0.3,0.0,0.0,-0.7,0.7,0.0,-1.0,0.3,0.0,-0.3,-0.3,-0.7,-0.3,-1.0,-0.3,-0.3,-0.7,-0.3,-0.3,0.0,-1.0,-1.0,-1.0,0.0,-0.3,-0.7,0.0,-0.3
Nozarashi,0.7,0.0,0.0,-0.7,0.0,0.7,-0.3,0.7,-0.3,-0.3,-1.0,-0.7,-1.0,0.0,-1.0,-1.0,-1.0,-0.3,-0.7,-1.0,-1.0,-0.7,-0.3,0.0,-0.3,-0.3,0.7,-0.3
Zabimaru,0.0,-0.7,-1.0,0.0,-0.3,-1.0,0.7,0.0,-0.3,1.0,-0.7,-0.3,-0.7,-0.7,0.0,0.0,0.0,0.0,-1.0,0.0,0.0,-0.7,0.0,-0.7,-0.7,-0.7,0.0,-0.3
Zangetsu (Old Man),0.0,-1.0,0.0,0.0,0.0,0.0,-0.3,1.0,0.7,-0.7,-0.7,-1.0,0.0,-0.3,-1.0,-0.7,0.0,-0.7,0.0,0.7,0.0,-0.7,-0.3,-1.0,0.0,-1.0,0.3,-1.0
Zangetsu (Hollow),-0.3,-0.7,-0.7,-0.3,-0.3,0.0,0.3,1.0,0.7,1.0,-1.0,-0.3,0.0,-0.3,-1.0,0.0,1.0,-1.0,0.3,1.0,0.0,-1.0,-0.3,-0.7,-0.7,-0.7,0.7,-1.0
